No.,Date,Open,High,Low,Close,Change,Change.1,Volume,Open Interest
1.0,2015-12-09,184.0,184.0,184.0,184.0,,,0,0
2.0,2015-12-10,184.0,184.0,184.0,184.0,0.00%,0.0,0,0
3.0,2015-12-11,184.0,184.0,184.0,184.0,0.00%,0.0,0,0
4.0,2015-12-14,184.0,184.0,184.0,184.0,0.00%,0.0,0,0
5.0,2015-12-15,184.0,184.0,184.0,184.0,0.00%,0.0,0,0
6.0,2015-12-16,184.0,184.0,184.0,184.0,0.00%,0.0,0,0
7.0,2015-12-17,184.0,184.0,184.0,184.0,0.00%,0.0,0,0
8.0,2015-12-18,185.0,185.0,185.0,185.0,+0.54%,1.0,0,0
9.0,2015-12-21,185.0,185.0,185.0,185.0,0.00%,0.0,0,0
10.0,2015-12-22,187.0,187.5,187.0,187.5,+1.35%,2.5,2,0
11.0,2015-12-23,187.5,187.5,187.5,187.5,0.00%,0.0,0,0
12.0,2015-12-24,187.5,187.5,187.5,187.5,0.00%,0.0,0,0
13.0,2015-12-29,187.5,187.5,187.5,187.5,0.00%,0.0,0,0
14.0,2015-12-30,187.5,187.5,187.5,187.5,0.00%,0.0,0,0
15.0,2015-12-31,188.95,188.95,188.95,188.95,+0.77%,1.45,0,0
16.0,2016-01-27,185.0,185.0,185.0,185.0,-2.09%,-3.95,0,0
17.0,2016-01-28,185.0,185.0,185.0,185.0,0.00%,0.0,0,0
18.0,2016-01-29,184.5,184.5,184.5,184.5,-0.27%,-0.5,0,0
19.0,2016-02-01,180.0,180.0,180.0,180.0,-2.44%,-4.5,0,0
20.0,2016-02-02,180.0,180.0,180.0,180.0,0.00%,0.0,0,0
21.0,2016-02-03,180.0,180.0,180.0,180.0,0.00%,0.0,0,0
22.0,2016-02-04,177.0,177.0,177.0,177.0,-1.67%,-3.0,0,0
23.0,2016-02-05,177.0,177.0,177.0,177.0,0.00%,0.0,0,0
24.0,2016-02-08,177.0,177.0,177.0,177.0,0.00%,0.0,0,0
25.0,2016-02-09,176.0,176.0,176.0,176.0,-0.56%,-1.0,10,0
26.0,2016-02-10,175.0,175.0,175.0,175.0,-0.57%,-1.0,5,0
27.0,2016-02-11,175.0,175.0,175.0,175.0,0.00%,0.0,0,0
28.0,2016-02-12,175.0,175.0,175.0,175.0,0.00%,0.0,0,0
29.0,2016-02-15,171.0,171.0,170.0,170.0,-2.86%,-5.0,11,0
30.0,2016-02-16,172.5,172.5,172.5,172.5,+1.47%,2.5,0,0
31.0,2016-02-17,170.0,172.5,168.0,172.5,0.00%,0.0,4,0
32.0,2016-02-18,172.5,172.5,172.5,172.5,0.00%,0.0,0,0
33.0,2016-02-19,172.5,172.5,172.5,172.5,0.00%,0.0,0,0
34.0,2016-02-22,172.5,172.5,172.5,172.5,0.00%,0.0,0,0
35.0,2016-02-23,170.0,170.0,170.0,170.0,-1.45%,-2.5,10,0
36.0,2016-02-24,168.0,168.0,168.0,168.0,-1.18%,-2.0,12,0
37.0,2016-02-25,171.0,171.0,171.0,171.0,+1.79%,3.0,4,0
38.0,2016-02-26,171.0,171.0,171.0,171.0,0.00%,0.0,1,0
39.0,2016-02-29,173.0,173.0,171.0,171.0,0.00%,0.0,7,0
40.0,2016-03-01,172.0,175.0,172.0,175.0,+2.34%,4.0,16,0
41.0,2016-03-02,179.0,179.0,179.0,179.0,+2.29%,4.0,1,0
42.0,2016-03-03,185.0,185.0,184.0,185.0,+3.35%,6.0,13,0
43.0,2016-03-04,185.0,185.0,185.0,185.0,0.00%,0.0,10,0
44.0,2016-03-07,190.0,190.0,190.0,190.0,+2.70%,5.0,42,0
45.0,2016-03-08,190.0,190.0,190.0,190.0,0.00%,0.0,62,0
46.0,2016-03-09,194.0,194.0,194.0,194.0,+2.11%,4.0,1,0
47.0,2016-03-10,200.0,200.0,200.0,200.0,+3.09%,6.0,65,0
48.0,2016-03-11,200.0,200.0,200.0,200.0,0.00%,0.0,50,0
49.0,2016-03-14,200.0,200.0,200.0,200.0,0.00%,0.0,0,0
50.0,2016-03-15,198.0,198.0,198.0,198.0,-1.00%,-2.0,40,0
51.0,2016-03-16,198.0,198.0,198.0,198.0,0.00%,0.0,8,0
52.0,2016-03-17,204.0,204.0,204.0,204.0,+3.03%,6.0,63,0
53.0,2016-03-18,206.0,206.0,206.0,206.0,+0.98%,2.0,20,0
54.0,2016-03-21,207.0,207.0,207.0,207.0,+0.49%,1.0,1,0
55.0,2016-03-22,208.0,208.0,208.0,208.0,+0.48%,1.0,3,0
56.0,2016-03-23,212.0,212.0,212.0,212.0,+1.92%,4.0,12,0
57.0,2016-03-24,216.0,216.0,216.0,216.0,+1.89%,4.0,0,0
58.0,2016-03-29,222.0,222.0,222.0,222.0,+2.78%,6.0,15,0
59.0,2016-03-30,228.0,228.0,228.0,228.0,+2.70%,6.0,29,0
60.0,2016-03-31,234.0,235.0,234.0,235.0,+3.07%,7.0,39,0
61.0,2016-04-01,237.5,237.5,237.5,237.5,+1.06%,2.5,2,0
62.0,2016-04-04,248.0,248.0,248.0,248.0,+4.42%,10.5,27,0
63.0,2016-04-05,248.0,248.0,248.0,248.0,0.00%,0.0,0,0
64.0,2016-04-06,248.0,248.0,248.0,248.0,0.00%,0.0,0,0
65.0,2016-04-07,250.0,258.0,250.0,250.0,+0.81%,2.0,30,0
66.0,2016-04-08,253.0,253.0,253.0,253.0,+1.20%,3.0,14,0
67.0,2016-04-11,254.0,254.0,254.0,254.0,+0.40%,1.0,1,0
68.0,2016-04-12,256.0,256.0,256.0,256.0,+0.79%,2.0,0,0
69.0,2016-04-13,260.0,260.0,260.0,260.0,+1.56%,4.0,29,0
70.0,2016-04-14,266.0,266.0,266.0,266.0,+2.31%,6.0,0,0
71.0,2016-04-15,266.0,266.0,266.0,266.0,0.00%,0.0,0,0
72.0,2016-04-18,267.0,267.0,267.0,267.0,+0.38%,1.0,0,0
73.0,2016-04-19,271.0,271.0,271.0,271.0,+1.50%,4.0,29,0
74.0,2016-04-20,269.0,269.0,269.0,269.0,-0.74%,-2.0,8,0
75.0,2016-04-21,257.0,257.0,257.0,257.0,-4.46%,-12.0,27,0
76.0,2016-04-22,257.0,257.0,257.0,257.0,0.00%,0.0,0,0
77.0,2016-04-25,260.0,260.0,260.0,260.0,+1.17%,3.0,39,0
78.0,2016-04-26,260.0,260.0,260.0,260.0,0.00%,0.0,27,0
79.0,2016-04-27,262.0,262.0,260.0,262.0,+0.77%,2.0,10,0
80.0,2016-04-28,262.0,262.0,262.0,262.0,0.00%,0.0,22,0
81.0,2016-04-29,262.0,262.0,262.0,262.0,0.00%,0.0,0,0
82.0,2016-05-03,262.0,262.0,262.0,262.0,0.00%,0.0,101,0
83.0,2016-05-04,265.0,265.0,265.0,265.0,+1.15%,3.0,110,0
84.0,2016-05-05,270.0,270.0,270.0,270.0,+1.89%,5.0,52,0
85.0,2016-05-06,280.0,280.0,280.0,280.0,+3.70%,10.0,2,0
86.0,2016-05-09,278.0,278.0,278.0,278.0,-0.71%,-2.0,18,0
87.0,2016-05-10,278.0,278.0,278.0,278.0,0.00%,0.0,20,0
88.0,2016-05-11,278.0,278.0,278.0,278.0,0.00%,0.0,0,0
89.0,2016-05-12,278.0,278.0,278.0,278.0,0.00%,0.0,0,0
90.0,2016-05-13,278.0,278.0,278.0,278.0,0.00%,0.0,0,0
91.0,2016-05-16,265.0,265.0,265.0,265.0,-4.68%,-13.0,64,0
92.0,2016-05-17,265.0,265.0,265.0,265.0,0.00%,0.0,0,0
93.0,2016-05-18,265.0,265.0,265.0,265.0,0.00%,0.0,0,0
94.0,2016-05-19,259.0,259.0,259.0,259.0,-2.26%,-6.0,32,0
95.0,2016-05-20,255.0,255.0,255.0,255.0,-1.54%,-4.0,11,0
96.0,2016-05-23,252.0,252.0,252.0,252.0,-1.18%,-3.0,2,0
97.0,2016-05-24,250.0,252.0,250.0,250.0,-0.79%,-2.0,0,0
98.0,2016-05-25,240.0,240.0,240.0,240.0,-4.00%,-10.0,0,0
99.0,2016-05-26,240.0,240.0,240.0,240.0,0.00%,0.0,2,0
100.0,2016-05-27,240.0,240.0,240.0,240.0,0.00%,0.0,0,0
101.0,2016-05-31,242.0,242.0,242.0,242.0,+0.83%,2.0,0,0
102.0,2016-06-01,234.0,234.0,234.0,234.0,-3.31%,-8.0,56,0
103.0,2016-06-02,234.0,234.0,234.0,234.0,0.00%,0.0,40,0
104.0,2016-06-03,234.0,234.0,234.0,234.0,0.00%,0.0,0,0
105.0,2016-06-06,234.0,234.0,234.0,234.0,0.00%,0.0,80,0
106.0,2016-06-07,234.0,234.0,234.0,234.0,0.00%,0.0,60,0
107.0,2016-06-08,234.0,234.0,234.0,234.0,0.00%,0.0,64,0
108.0,2016-06-09,234.0,234.0,234.0,234.0,0.00%,0.0,38,0
109.0,2016-06-10,234.0,234.0,234.0,234.0,0.00%,0.0,26,904
110.0,2016-06-13,233.0,233.0,233.0,233.0,-0.43%,-1.0,74,910
111.0,2016-06-14,233.0,233.0,233.0,233.0,0.00%,0.0,4,940
112.0,2016-06-15,229.0,229.0,229.0,229.0,-1.72%,-4.0,40,937
113.0,2016-06-16,229.0,229.0,229.0,229.0,0.00%,0.0,34,929
114.0,2016-06-17,220.0,220.0,220.0,220.0,-3.93%,-9.0,20,947
115.0,2016-06-20,218.0,218.0,218.0,218.0,-0.91%,-2.0,24,957
116.0,2016-06-21,218.0,218.0,218.0,218.0,0.00%,0.0,4,967
117.0,2016-06-22,218.0,218.0,218.0,218.0,0.00%,0.0,5,967
118.0,2016-06-23,218.0,218.0,218.0,218.0,0.00%,0.0,0,967
119.0,2016-06-24,218.0,218.0,218.0,218.0,0.00%,0.0,0,967
120.0,2016-06-27,218.0,218.0,218.0,218.0,0.00%,0.0,0,1867
121.0,2016-06-28,218.0,218.0,218.0,218.0,0.00%,0.0,0,1867
122.0,2016-06-29,218.0,218.0,218.0,218.0,0.00%,0.0,10,1917
123.0,2016-06-30,218.0,218.0,218.0,218.0,0.00%,0.0,0,1887
124.0,2016-07-01,218.0,218.0,218.0,218.0,0.00%,0.0,0,1887
125.0,2016-07-04,218.0,218.0,218.0,218.0,0.00%,0.0,0,1887
126.0,2016-07-05,215.0,215.0,215.0,215.0,-1.38%,-3.0,0,1895
127.0,2016-07-06,215.0,215.0,215.0,215.0,0.00%,0.0,0,2035
128.0,2016-07-07,215.0,215.0,215.0,215.0,0.00%,0.0,0,2195
129.0,2016-07-08,215.0,215.0,215.0,215.0,0.00%,0.0,16,2195
130.0,2016-07-11,211.0,211.0,211.0,211.0,-1.86%,-4.0,6,2205
131.0,2016-07-12,211.5,212.5,211.5,212.5,+0.71%,1.5,4,2211
132.0,2016-07-13,212.5,212.5,212.5,212.5,0.00%,0.0,71,2208
133.0,2016-07-14,218.0,218.0,218.0,218.0,+2.59%,5.5,12,2191
134.0,2016-07-15,221.0,221.0,221.0,221.0,+1.38%,3.0,8,2192
135.0,2016-07-18,220.0,220.0,220.0,220.0,-0.45%,-1.0,2,2186
136.0,2016-07-19,220.0,220.0,220.0,220.0,0.00%,0.0,1,2186
137.0,2016-07-20,225.0,225.0,225.0,225.0,+2.27%,5.0,31,2185
138.0,2016-07-21,225.0,225.0,225.0,225.0,0.00%,0.0,58,2190
139.0,2016-07-22,225.0,225.0,225.0,225.0,0.00%,0.0,0,2191
140.0,2016-07-25,225.0,225.0,225.0,225.0,0.00%,0.0,39,2191
141.0,2016-07-26,228.0,228.0,228.0,228.0,+1.33%,3.0,0,2191
142.0,2016-07-27,230.0,230.0,230.0,230.0,+0.88%,2.0,0,2216
143.0,2016-07-28,231.0,231.0,231.0,231.0,+0.43%,1.0,16,2226
144.0,2016-07-29,228.0,228.0,228.0,228.0,-1.30%,-3.0,2,2063
145.0,2016-08-01,228.0,228.0,228.0,228.0,0.00%,0.0,0,2063
146.0,2016-08-02,230.0,235.0,227.0,227.0,-0.44%,-1.0,80,2098
147.0,2016-08-03,234.5,235.0,225.0,227.0,0.00%,0.0,84,2138
148.0,2016-08-04,227.0,227.0,227.0,227.0,0.00%,0.0,27,2194
149.0,2016-08-05,229.0,229.0,228.0,228.0,+0.44%,1.0,37,2205
150.0,2016-08-08,226.0,226.0,225.0,225.0,-1.32%,-3.0,4,2194
151.0,2016-08-09,230.0,230.0,230.0,230.0,+2.22%,5.0,0,2246
152.0,2016-08-10,226.0,226.0,226.0,226.0,-1.74%,-4.0,15,2246
153.0,2016-08-11,223.0,223.0,223.0,223.0,-1.33%,-3.0,10,2396
154.0,2016-08-12,223.0,223.0,218.0,218.0,-2.24%,-5.0,42,2399
155.0,2016-08-15,221.0,221.0,221.0,221.0,+1.38%,3.0,10,2426
156.0,2016-08-16,221.0,221.0,221.0,221.0,0.00%,0.0,6,2426
157.0,2016-08-17,221.0,221.0,221.0,221.0,0.00%,0.0,2,2329
158.0,2016-08-18,215.5,215.5,209.0,213.0,-3.62%,-8.0,119,2331
159.0,2016-08-19,216.0,216.0,213.0,213.0,0.00%,0.0,13,2363
160.0,2016-08-22,212.0,212.0,209.0,209.0,-1.88%,-4.0,10,2373
161.0,2016-08-23,210.0,210.0,210.0,210.0,+0.48%,1.0,0,2378
162.0,2016-08-24,210.0,210.0,210.0,210.0,0.00%,0.0,0,2378
163.0,2016-08-25,211.0,211.0,211.0,211.0,+0.48%,1.0,0,2378
164.0,2016-08-26,211.0,211.0,211.0,211.0,0.00%,0.0,0,2378
165.0,2016-08-30,212.0,212.0,212.0,212.0,+0.47%,1.0,0,2378
166.0,2016-08-31,214.0,214.0,214.0,214.0,+0.94%,2.0,0,2378
167.0,2016-09-01,215.0,215.0,215.0,215.0,+0.47%,1.0,0,1704
168.0,2016-09-02,215.5,215.5,215.5,215.5,+0.23%,0.5,1,1704
169.0,2016-09-05,215.0,217.0,215.0,217.0,+0.70%,1.5,5,1703
170.0,2016-09-06,216.0,216.0,215.0,215.0,-0.92%,-2.0,2,1698
171.0,2016-09-07,216.0,216.0,216.0,216.0,+0.47%,1.0,5,1696
172.0,2016-09-08,216.0,216.0,216.0,216.0,0.00%,0.0,0,1695
173.0,2016-09-09,216.0,216.0,216.0,216.0,0.00%,0.0,0,1695
174.0,2016-09-12,216.0,216.0,216.0,216.0,0.00%,0.0,0,1695
175.0,2016-09-13,216.0,216.0,216.0,216.0,0.00%,0.0,0,1595
176.0,2016-09-14,216.0,216.0,216.0,216.0,0.00%,0.0,0,1595
177.0,2016-09-15,216.0,216.0,216.0,216.0,0.00%,0.0,0,1595
178.0,2016-09-16,216.0,216.0,216.0,216.0,0.00%,0.0,30,1595
179.0,2016-09-19,216.0,216.0,216.0,216.0,0.00%,0.0,0,1598
180.0,2016-09-20,213.0,213.0,213.0,213.0,-1.39%,-3.0,1,1568
181.0,2016-09-21,216.5,217.0,216.0,216.0,+1.41%,3.0,80,1574
182.0,2016-09-22,214.0,214.0,214.0,214.0,-0.93%,-2.0,20,1676
183.0,2016-09-23,218.0,219.0,218.0,219.0,+2.34%,5.0,47,1726
184.0,2016-09-26,218.0,222.0,218.0,218.0,-0.46%,-1.0,36,1750
185.0,2016-09-27,218.0,218.0,218.0,218.0,0.00%,0.0,10,1744
186.0,2016-09-28,216.0,216.0,216.0,216.0,-0.92%,-2.0,0,1854
187.0,2016-09-29,216.0,216.0,216.0,216.0,0.00%,0.0,19,585
188.0,2016-09-30,215.0,215.0,211.0,211.0,-2.31%,-5.0,40,585
189.0,2016-10-03,207.0,207.0,207.0,207.0,-1.90%,-4.0,9,1694
190.0,2016-10-04,207.0,207.0,207.0,207.0,0.00%,0.0,2,1712
191.0,2016-10-05,208.0,208.0,208.0,208.0,+0.48%,1.0,1,1714
192.0,2016-10-06,211.0,219.0,211.0,219.0,+5.29%,11.0,88,1714
193.0,2016-10-07,220.0,220.0,220.0,220.0,+0.46%,1.0,20,1696
194.0,2016-10-10,223.0,223.0,223.0,223.0,+1.36%,3.0,10,1786
195.0,2016-10-11,228.0,229.0,228.0,228.0,+2.24%,5.0,11,1836
196.0,2016-10-12,231.0,232.0,231.0,232.0,+1.75%,4.0,54,1833
197.0,2016-10-13,232.0,232.0,232.0,232.0,0.00%,0.0,0,1851
198.0,2016-10-14,230.0,230.0,230.0,230.0,-0.86%,-2.0,0,1851
199.0,2016-10-20,234.5,234.5,234.5,234.5,+1.96%,4.5,4,3516
200.0,2016-10-21,235.0,235.0,234.5,234.5,0.00%,0.0,39,3514
201.0,2016-10-24,240.0,240.0,240.0,240.0,+2.35%,5.5,4,3576
202.0,2016-10-25,240.0,240.0,240.0,240.0,0.00%,0.0,10,3576
203.0,2016-10-26,240.0,240.0,240.0,240.0,0.00%,0.0,1,3723
204.0,2016-10-27,242.5,242.5,242.5,242.5,+1.04%,2.5,16,4222
205.0,2016-10-28,248.0,251.0,248.0,251.0,+3.51%,8.5,62,4021
206.0,2016-10-31,248.0,250.5,248.0,250.5,-0.20%,-0.5,25,4021
207.0,2016-11-01,248.0,248.0,248.0,248.0,-1.00%,-2.5,25,3993
208.0,2016-11-02,254.0,256.0,254.0,256.0,+3.23%,8.0,40,3991
209.0,2016-11-03,260.0,264.0,260.0,264.0,+3.12%,8.0,55,4001
210.0,2016-11-04,264.0,264.0,264.0,264.0,0.00%,0.0,30,4009
211.0,2016-11-07,272.0,281.5,272.0,281.5,+6.63%,17.5,84,4009
212.0,2016-11-08,287.0,290.0,287.0,290.0,+3.02%,8.5,58,4036
213.0,2016-11-09,293.0,293.0,293.0,293.0,+1.03%,3.0,1,4045
214.0,2016-11-10,299.0,299.0,299.0,299.0,+2.05%,6.0,74,4045
215.0,2016-11-11,304.0,304.0,304.0,304.0,+1.67%,5.0,35,4065
216.0,2016-11-14,301.0,301.0,300.0,300.0,-1.32%,-4.0,8,4219
217.0,2016-11-15,296.0,296.0,296.0,296.0,-1.33%,-4.0,14,4217
218.0,2016-11-16,296.0,296.0,296.0,296.0,0.00%,0.0,2,4222
219.0,2016-11-17,290.0,290.0,290.0,290.0,-2.03%,-6.0,18,4022
220.0,2016-11-18,286.0,286.0,286.0,286.0,-1.38%,-4.0,27,4022
221.0,2016-11-21,286.0,286.0,280.0,280.0,-2.10%,-6.0,98,4002
222.0,2016-11-22,286.0,288.0,286.0,288.0,+2.86%,8.0,29,4077
223.0,2016-11-23,285.0,285.5,285.0,285.5,-0.87%,-2.5,37,4227
224.0,2016-11-24,285.0,285.0,285.0,285.0,-0.18%,-0.5,6,4241
225.0,2016-11-25,287.0,297.0,287.0,296.0,+3.86%,11.0,76,4241
226.0,2016-11-28,300.0,300.0,300.0,300.0,+1.35%,4.0,61,4256
227.0,2016-11-29,286.0,294.0,286.0,291.0,-3.00%,-9.0,51,4266
228.0,2016-11-30,291.0,291.0,291.0,291.0,0.00%,0.0,32,3878
229.0,2016-12-01,285.0,285.0,282.0,282.0,-3.09%,-9.0,90,3878
230.0,2016-12-02,278.0,278.0,278.0,278.0,-1.42%,-4.0,47,3845
231.0,2016-12-05,282.5,288.0,282.5,288.0,+3.60%,10.0,35,3796
232.0,2016-12-06,290.0,290.0,290.0,290.0,+0.69%,2.0,20,3816
233.0,2016-12-07,290.0,290.0,290.0,290.0,0.00%,0.0,42,3969
234.0,2016-12-08,285.0,292.5,285.0,288.0,-0.69%,-2.0,84,4020
235.0,2016-12-09,282.0,284.0,281.0,284.0,-1.39%,-4.0,51,4016
236.0,2016-12-12,290.0,290.0,290.0,290.0,+2.11%,6.0,22,4052
237.0,2016-12-13,288.0,290.0,288.0,290.0,0.00%,0.0,37,4048
238.0,2016-12-14,288.0,288.0,288.0,288.0,-0.69%,-2.0,7,4049
239.0,2016-12-15,288.0,288.0,288.0,288.0,0.00%,0.0,43,4150
240.0,2016-12-16,288.0,300.0,286.0,300.0,+4.17%,12.0,122,4156
241.0,2016-12-19,298.0,301.0,298.0,300.0,0.00%,0.0,83,4176
242.0,2016-12-20,302.0,302.0,300.0,300.0,0.00%,0.0,26,4162
243.0,2016-12-21,300.0,300.0,300.0,300.0,0.00%,0.0,3,4161
244.0,2016-12-22,300.0,300.0,300.0,300.0,0.00%,0.0,0,4161
245.0,2016-12-23,300.0,300.0,300.0,300.0,0.00%,0.0,0,4161
246.0,2016-12-28,300.0,300.0,300.0,300.0,0.00%,0.0,0,4160
247.0,2016-12-29,297.0,297.0,295.0,297.0,-1.00%,-3.0,58,4160
248.0,2016-12-30,297.0,297.0,297.0,297.0,0.00%,0.0,0,4160
249.0,2017-01-03,295.0,295.0,295.0,295.0,-0.67%,-2.0,0,2839
250.0,2017-01-04,298.0,299.0,298.0,299.0,+1.36%,4.0,64,2839
251.0,2017-01-05,299.0,299.0,299.0,299.0,0.00%,0.0,18,2876
252.0,2017-01-06,297.0,297.0,297.0,297.0,-0.67%,-2.0,36,3176
253.0,2017-01-09,297.0,297.0,297.0,297.0,0.00%,0.0,136,3276
254.0,2017-01-10,300.0,300.0,300.0,300.0,+1.01%,3.0,81,3328
255.0,2017-01-11,295.0,298.0,293.0,295.5,-1.50%,-4.5,172,3675
256.0,2017-01-12,290.5,292.0,290.5,292.0,-1.18%,-3.5,51,3897
257.0,2017-01-13,287.0,297.5,287.0,297.5,+1.88%,5.5,78,3914
258.0,2017-01-16,296.0,297.0,294.0,294.0,-1.18%,-3.5,208,4054
259.0,2017-01-17,285.0,291.0,285.0,291.0,-1.02%,-3.0,109,4064
260.0,2017-01-18,284.5,284.5,282.0,282.0,-3.09%,-9.0,39,4103
261.0,2017-01-19,280.0,286.0,280.0,285.0,+1.06%,3.0,196,4134
262.0,2017-01-20,281.0,281.0,280.0,280.0,-1.75%,-5.0,155,4740
263.0,2017-01-23,278.0,278.0,270.5,274.0,-2.14%,-6.0,74,5080
264.0,2017-01-24,269.0,269.0,251.0,254.0,-7.30%,-20.0,160,4976
265.0,2017-01-25,256.0,262.0,247.0,252.5,-0.59%,-1.5,316,5483
266.0,2017-01-26,241.5,241.5,229.5,238.0,-5.74%,-14.5,154,5603
267.0,2017-01-27,236.0,246.0,236.0,240.0,+0.84%,2.0,113,5596
268.0,2017-01-30,245.0,245.0,229.5,231.0,-3.75%,-9.0,212,5634
269.0,2017-01-31,229.5,240.0,229.5,230.0,-0.43%,-1.0,321,3914
270.0,2017-02-01,246.0,254.0,245.0,254.0,+10.43%,24.0,71,3858
271.0,2017-02-02,248.0,248.0,245.0,248.0,-2.36%,-6.0,64,4036
272.0,2017-02-03,240.0,250.0,235.0,241.0,-2.82%,-7.0,169,3967
273.0,2017-02-06,241.0,241.0,241.0,241.0,0.00%,0.0,77,4335
274.0,2017-02-07,242.0,242.0,242.0,242.0,+0.41%,1.0,54,4333
275.0,2017-02-08,242.0,242.0,242.0,242.0,0.00%,0.0,0,4359
276.0,2017-02-09,247.0,247.0,243.0,243.0,+0.41%,1.0,14,4359
277.0,2017-02-10,248.5,254.0,248.5,254.0,+4.53%,11.0,188,4358
278.0,2017-02-13,257.0,257.0,257.0,257.0,+1.18%,3.0,208,4313
279.0,2017-02-14,282.0,288.0,280.0,287.0,+11.67%,30.0,331,4434
280.0,2017-02-15,289.0,291.0,289.0,291.0,+1.39%,4.0,144,4494
281.0,2017-02-16,292.5,292.5,287.0,290.0,-0.34%,-1.0,214,4507
282.0,2017-02-17,298.5,302.0,298.0,299.0,+3.10%,9.0,301,4676
283.0,2017-02-20,296.0,296.0,292.0,292.0,-2.34%,-7.0,79,4949
284.0,2017-02-21,290.0,290.0,288.0,288.0,-1.37%,-4.0,31,5049
285.0,2017-02-22,288.0,297.0,284.0,297.0,+3.12%,9.0,152,5065
286.0,2017-02-23,300.0,300.0,295.0,299.0,+0.67%,2.0,178,5158
287.0,2017-02-24,295.5,295.5,295.0,295.0,-1.34%,-4.0,60,5260
288.0,2017-02-27,295.0,295.0,295.0,295.0,0.00%,0.0,32,5290
289.0,2017-02-28,295.0,295.0,295.0,295.0,0.00%,0.0,0,4482
290.0,2017-03-01,293.0,293.0,293.0,293.0,-0.68%,-2.0,0,4482
291.0,2017-03-02,293.0,293.0,293.0,293.0,0.00%,0.0,0,4482
292.0,2017-03-03,290.0,294.0,290.0,292.5,-0.17%,-0.5,248,4482
293.0,2017-03-06,296.0,296.0,296.0,296.0,+1.20%,3.5,155,4803
294.0,2017-03-07,303.0,305.0,301.0,304.5,+2.87%,8.5,246,4947
295.0,2017-03-08,305.0,308.0,305.0,307.5,+0.99%,3.0,169,5097
296.0,2017-03-09,306.0,306.0,306.0,306.0,-0.49%,-1.5,20,5183
297.0,2017-03-10,298.0,298.0,286.0,298.0,-2.61%,-8.0,185,5243
298.0,2017-03-13,294.0,294.0,294.0,294.0,-1.34%,-4.0,7,5266
299.0,2017-03-14,294.0,294.0,294.0,294.0,0.00%,0.0,8,5264
300.0,2017-03-15,300.0,300.0,300.0,300.0,+2.04%,6.0,35,5264
301.0,2017-03-16,299.0,299.0,299.0,299.0,-0.33%,-1.0,3,5416
302.0,2017-03-17,303.0,305.0,299.0,305.0,+2.01%,6.0,130,5386
303.0,2017-03-20,298.0,300.0,292.0,295.0,-3.28%,-10.0,207,5573
304.0,2017-03-21,293.0,293.0,278.0,279.0,-5.42%,-16.0,123,5687
305.0,2017-03-22,282.5,282.5,282.5,282.5,+1.25%,3.5,60,5787
306.0,2017-03-23,284.0,285.0,284.0,285.0,+0.88%,2.5,68,5765
307.0,2017-03-24,287.0,287.0,270.0,279.5,-1.93%,-5.5,97,5973
308.0,2017-03-27,259.0,259.5,258.0,259.5,-7.16%,-20.0,16,6009
309.0,2017-03-28,264.0,265.0,264.0,265.0,+2.12%,5.5,12,6009
310.0,2017-03-29,276.0,277.0,276.0,276.0,+4.15%,11.0,113,6088
311.0,2017-03-30,280.0,282.0,280.0,282.0,+2.17%,6.0,85,6163
312.0,2017-03-31,282.0,282.0,276.5,280.0,-0.71%,-2.0,132,4674
313.0,2017-04-03,283.0,283.0,283.0,283.0,+1.07%,3.0,70,4691
314.0,2017-04-04,284.0,284.0,284.0,284.0,+0.35%,1.0,153,4776
315.0,2017-04-05,286.0,290.0,286.0,290.0,+2.11%,6.0,173,4838
316.0,2017-04-06,280.0,280.0,280.0,280.0,-3.45%,-10.0,50,4961
317.0,2017-04-07,280.0,280.0,280.0,280.0,0.00%,0.0,72,5082
318.0,2017-04-10,276.0,276.0,276.0,276.0,-1.43%,-4.0,96,5142
319.0,2017-04-11,274.0,274.0,274.0,274.0,-0.72%,-2.0,41,5310
320.0,2017-04-12,270.0,272.5,267.0,272.5,-0.55%,-1.5,45,5512
321.0,2017-04-13,269.0,273.0,269.0,273.0,+0.18%,0.5,0,5512
322.0,2017-04-18,269.0,269.0,265.0,265.0,-2.93%,-8.0,33,5469
323.0,2017-04-19,269.0,270.0,269.0,270.0,+1.89%,5.0,60,5454
324.0,2017-04-20,272.0,272.0,265.0,272.0,+0.74%,2.0,191,5428
325.0,2017-04-21,272.0,272.0,265.5,267.0,-1.84%,-5.0,151,5394
326.0,2017-04-24,267.0,267.0,267.0,267.0,0.00%,0.0,1,5412
327.0,2017-04-25,262.0,266.0,262.0,265.5,-0.56%,-1.5,76,5683
328.0,2017-04-26,267.0,270.0,267.0,268.0,+0.94%,2.5,45,5988
329.0,2017-04-27,271.0,279.0,270.0,273.0,+1.87%,5.0,99,6005
330.0,2017-04-28,279.0,279.0,279.0,279.0,+2.20%,6.0,0,6005
331.0,2017-05-02,279.0,279.0,279.0,279.0,0.00%,0.0,44,5016
332.0,2017-05-03,278.0,278.0,278.0,278.0,-0.36%,-1.0,61,4977
333.0,2017-05-04,275.0,275.0,275.0,275.0,-1.08%,-3.0,78,4926
334.0,2017-05-05,274.0,274.0,274.0,274.0,-0.36%,-1.0,0,4936
335.0,2017-05-08,274.0,274.0,274.0,274.0,0.00%,0.0,17,4936
336.0,2017-05-09,277.0,283.0,274.0,283.0,+3.28%,9.0,62,4597
337.0,2017-05-10,274.0,274.0,274.0,274.0,-3.18%,-9.0,0,4619
338.0,2017-05-11,274.0,274.0,274.0,274.0,0.00%,0.0,0,4769
339.0,2017-05-12,274.0,274.0,274.0,274.0,0.00%,0.0,10,4669
340.0,2017-05-15,273.0,276.0,273.0,276.0,+0.73%,2.0,29,4659
341.0,2017-05-16,277.0,277.0,277.0,277.0,+0.36%,1.0,15,4660
342.0,2017-05-17,277.0,277.0,277.0,277.0,0.00%,0.0,0,4815
343.0,2017-05-18,277.0,282.0,277.0,281.0,+1.44%,4.0,50,4852
344.0,2017-05-19,283.0,285.0,283.0,285.0,+1.42%,4.0,48,4930
345.0,2017-05-22,286.0,286.0,286.0,286.0,+0.35%,1.0,72,5018
346.0,2017-05-23,284.0,284.0,284.0,284.0,-0.70%,-2.0,0,5085
347.0,2017-05-24,283.0,283.0,283.0,283.0,-0.35%,-1.0,8,5085
348.0,2017-05-25,284.0,285.0,284.0,285.0,+0.71%,2.0,12,5085
349.0,2017-05-26,278.0,283.0,278.0,283.0,-0.70%,-2.0,0,5085
350.0,2017-05-30,283.0,283.0,283.0,283.0,0.00%,0.0,55,5190
351.0,2017-05-31,278.0,278.0,277.0,277.0,-2.12%,-6.0,8,4000
352.0,2017-06-01,277.0,277.0,277.0,277.0,0.00%,0.0,2,4055
353.0,2017-06-02,277.0,277.0,277.0,277.0,0.00%,0.0,0,4057
354.0,2017-06-05,273.0,273.0,273.0,273.0,-1.44%,-4.0,1,4057
355.0,2017-06-06,270.0,270.0,270.0,270.0,-1.10%,-3.0,2,4082
356.0,2017-06-07,270.0,272.0,270.0,270.0,0.00%,0.0,25,4107
357.0,2017-06-08,271.0,271.0,271.0,271.0,+0.37%,1.0,37,4118
358.0,2017-06-09,274.5,274.5,274.5,274.5,+1.29%,3.5,34,4476
359.0,2017-06-12,276.0,276.0,276.0,276.0,+0.55%,1.5,102,4631
360.0,2017-06-13,276.0,276.0,276.0,276.0,0.00%,0.0,86,4760
361.0,2017-06-14,276.0,276.0,276.0,276.0,0.00%,0.0,0,4944
362.0,2017-06-15,276.0,276.0,276.0,276.0,0.00%,0.0,87,4934
363.0,2017-06-16,276.0,276.0,276.0,276.0,0.00%,0.0,23,4996
364.0,2017-06-19,276.0,276.0,276.0,276.0,0.00%,0.0,174,5019
365.0,2017-06-20,276.0,276.0,276.0,276.0,0.00%,0.0,87,5210
366.0,2017-06-21,276.0,276.0,276.0,276.0,0.00%,0.0,108,5240
367.0,2017-06-22,276.0,276.0,276.0,276.0,0.00%,0.0,53,5312
368.0,2017-06-23,276.0,276.0,276.0,276.0,0.00%,0.0,33,5546
369.0,2017-06-26,289.0,289.0,289.0,289.0,+4.71%,13.0,0,5572
370.0,2017-06-27,287.0,287.5,287.0,287.5,-0.52%,-1.5,10,5583
371.0,2017-06-28,290.5,290.5,290.5,290.5,+1.04%,3.0,22,5903
372.0,2017-06-29,292.0,298.0,292.0,297.5,+2.41%,7.0,119,5830
373.0,2017-06-30,297.5,297.5,297.5,297.5,0.00%,0.0,5,5830
374.0,2017-07-03,288.5,288.5,288.5,288.5,-3.03%,-9.0,65,4638
375.0,2017-07-04,292.5,292.5,286.0,286.0,-0.87%,-2.5,107,4966
376.0,2017-07-05,293.0,293.0,291.0,291.0,+1.75%,5.0,163,4950
377.0,2017-07-06,288.0,291.5,286.0,291.5,+0.17%,0.5,277,4938
378.0,2017-07-07,290.0,290.0,289.0,289.0,-0.86%,-2.5,114,5234
379.0,2017-07-10,289.0,289.0,289.0,289.0,0.00%,0.0,85,5662
380.0,2017-07-11,289.0,289.0,289.0,289.0,0.00%,0.0,11,5807
381.0,2017-07-12,295.0,295.0,290.0,290.0,+0.35%,1.0,60,6106
382.0,2017-07-13,290.0,290.0,290.0,290.0,0.00%,0.0,46,6068
383.0,2017-07-14,292.0,292.0,287.0,287.0,-1.03%,-3.0,22,6111
384.0,2017-07-17,293.5,293.5,293.5,293.5,+2.26%,6.5,90,6179
385.0,2017-07-18,293.0,293.0,293.0,293.0,-0.17%,-0.5,79,6257
386.0,2017-07-19,295.0,295.0,295.0,295.0,+0.68%,2.0,77,6382
387.0,2017-07-20,293.0,293.0,283.0,283.0,-4.07%,-12.0,65,6359
388.0,2017-07-21,294.0,294.0,294.0,294.0,+3.89%,11.0,49,6141
389.0,2017-07-24,302.0,302.5,302.0,302.5,+2.89%,8.5,80,6199
390.0,2017-07-25,305.0,306.0,305.0,306.0,+1.16%,3.5,231,6259
391.0,2017-07-26,304.0,315.0,304.0,311.5,+1.80%,5.5,221,6260
392.0,2017-07-27,310.0,310.0,308.0,308.0,-1.12%,-3.5,78,6316
393.0,2017-07-28,308.0,308.0,308.0,308.0,0.00%,0.0,74,6361
394.0,2017-07-31,313.5,314.0,313.5,314.0,+1.95%,6.0,150,4975
395.0,2017-08-01,312.0,312.0,308.0,308.0,-1.91%,-6.0,220,5074
396.0,2017-08-02,308.0,308.0,307.0,307.0,-0.32%,-1.0,81,5349
397.0,2017-08-03,310.0,310.0,307.0,307.0,0.00%,0.0,308,5523
398.0,2017-08-04,307.0,313.0,306.0,306.0,-0.33%,-1.0,102,5687
399.0,2017-08-07,308.0,323.0,308.0,312.0,+1.96%,6.0,249,5705
400.0,2017-08-08,316.0,321.0,316.0,317.0,+1.60%,5.0,218,5761
401.0,2017-08-09,323.0,324.0,323.0,324.0,+2.21%,7.0,41,5954
402.0,2017-08-10,325.0,340.0,324.0,340.0,+4.94%,16.0,311,5888
403.0,2017-08-11,333.5,333.5,330.0,330.0,-2.94%,-10.0,52,6439
404.0,2017-08-14,330.0,330.0,315.5,321.0,-2.73%,-9.0,159,6358
405.0,2017-08-15,317.0,317.0,310.0,315.0,-1.87%,-6.0,180,6227
406.0,2017-08-16,311.5,315.0,311.0,315.0,0.00%,0.0,700,6311
407.0,2017-08-17,318.0,318.0,318.0,318.0,+0.95%,3.0,33,6544
408.0,2017-08-18,318.0,318.0,318.0,318.0,0.00%,0.0,20,6607
409.0,2017-08-21,319.0,319.0,319.0,319.0,+0.31%,1.0,11,6662
410.0,2017-08-22,317.0,317.0,312.0,312.0,-2.19%,-7.0,545,6704
411.0,2017-08-23,315.0,315.0,315.0,315.0,+0.96%,3.0,162,7557
412.0,2017-08-24,313.5,313.5,313.0,313.0,-0.63%,-2.0,179,6898
413.0,2017-08-25,313.0,313.0,313.0,313.0,0.00%,0.0,70,7036
414.0,2017-08-29,320.0,320.0,320.0,320.0,+2.24%,7.0,31,7224
415.0,2017-08-30,323.0,323.0,323.0,323.0,+0.94%,3.0,106,7321
416.0,2017-08-31,323.0,323.0,318.0,320.0,-0.93%,-3.0,155,5207
417.0,2017-09-01,324.0,326.0,322.0,326.0,+1.88%,6.0,184,5436
418.0,2017-09-04,337.0,337.0,337.0,337.0,+3.37%,11.0,174,5551
419.0,2017-09-05,335.5,335.5,335.0,335.0,-0.59%,-2.0,141,5682
420.0,2017-09-06,332.0,332.0,330.0,332.0,-0.90%,-3.0,43,6034
421.0,2017-09-07,332.0,345.0,332.0,340.0,+2.41%,8.0,256,6033
422.0,2017-09-08,340.0,340.0,340.0,340.0,0.00%,0.0,25,6284
423.0,2017-09-11,340.0,340.0,340.0,340.0,0.00%,0.0,2,7237
424.0,2017-09-12,340.0,344.0,340.0,344.0,+1.18%,4.0,69,7487
425.0,2017-09-13,344.5,344.5,331.0,331.0,-3.78%,-13.0,285,7527
426.0,2017-09-14,322.5,322.5,320.0,320.0,-3.32%,-11.0,88,7579
427.0,2017-09-15,322.0,322.0,322.0,322.0,+0.62%,2.0,7,7403
428.0,2017-09-18,323.0,323.0,323.0,323.0,+0.31%,1.0,30,7420
429.0,2017-09-19,323.0,323.0,318.0,318.0,-1.55%,-5.0,102,7488
430.0,2017-09-20,309.5,309.5,308.0,308.0,-3.14%,-10.0,95,7466
431.0,2017-09-21,301.0,301.0,295.0,295.0,-4.22%,-13.0,140,7544
432.0,2017-09-22,289.0,289.0,289.0,289.0,-2.03%,-6.0,46,0
433.0,2017-09-27,289.0,289.0,283.0,283.0,-2.08%,-6.0,211,7796
434.0,2017-09-28,284.5,295.0,284.5,292.0,+3.18%,9.0,128,7943
435.0,2017-09-29,294.5,294.5,288.0,288.0,-1.37%,-4.0,235,4598
436.0,2017-10-02,285.0,285.0,278.0,278.0,-3.47%,-10.0,139,5086
437.0,2017-10-03,290.0,290.0,285.0,285.0,+2.52%,7.0,59,5115
438.0,2017-10-04,284.0,284.0,278.0,283.0,-0.70%,-2.0,61,5067
439.0,2017-10-05,283.0,283.0,283.0,283.0,0.00%,0.0,253,4997
440.0,2017-10-06,286.0,286.0,286.0,286.0,+1.06%,3.0,37,4846
441.0,2017-10-09,296.0,308.0,296.0,308.0,+7.69%,22.0,448,4951
442.0,2017-10-10,308.0,308.0,307.0,307.0,-0.32%,-1.0,132,4780
443.0,2017-10-11,304.5,304.5,300.0,300.0,-2.28%,-7.0,336,4787
444.0,2017-10-12,308.0,308.0,308.0,308.0,+2.67%,8.0,130,5060
445.0,2017-10-13,316.5,320.0,311.0,314.5,+2.11%,6.5,546,0
446.0,2017-10-16,320.0,320.0,306.0,306.0,-2.70%,-8.5,7150,5150
447.0,2017-10-17,308.0,310.0,306.0,306.0,0.00%,0.0,133,4948
448.0,2017-10-18,306.0,306.5,302.0,302.0,-1.31%,-4.0,42,4752
449.0,2017-10-19,300.0,300.0,287.5,290.0,-3.97%,-12.0,117,4887
450.0,2017-10-20,300.0,308.0,300.0,303.0,+4.48%,13.0,147,5010
451.0,2017-10-23,304.0,307.0,302.0,307.0,+1.32%,4.0,187,5092
452.0,2017-10-24,305.0,305.0,305.0,305.0,-0.65%,-2.0,51,5170
453.0,2017-10-25,303.5,307.0,302.5,306.5,+0.49%,1.5,323,5186
454.0,2017-10-26,307.0,309.0,301.0,308.0,+0.49%,1.5,308,5327
455.0,2017-10-27,310.0,313.0,307.0,313.0,+1.62%,5.0,152,5194
456.0,2017-10-30,312.0,315.0,312.0,312.0,-0.32%,-1.0,31,5209
457.0,2017-10-31,318.0,318.0,318.0,318.0,+1.92%,6.0,78,3440
458.0,2017-11-01,320.0,320.5,320.0,320.5,+0.79%,2.5,110,3723
459.0,2017-11-02,322.0,322.0,322.0,322.0,+0.47%,1.5,104,3772
460.0,2017-11-03,326.0,330.0,323.0,327.0,+1.55%,5.0,265,3952
461.0,2017-11-06,329.0,333.0,322.0,331.0,+1.22%,4.0,427,4270
462.0,2017-11-07,328.0,328.0,325.0,325.0,-1.81%,-6.0,85,4539
463.0,2017-11-08,320.0,330.0,320.0,329.5,+1.38%,4.5,235,4624
464.0,2017-11-09,325.5,325.5,319.0,319.0,-3.19%,-10.5,64,4425
465.0,2017-11-10,315.0,322.0,314.5,322.0,+0.94%,3.0,178,4405
466.0,2017-11-13,319.5,319.5,318.0,318.0,-1.24%,-4.0,14,4458
467.0,2017-11-14,320.0,321.0,320.0,320.0,+0.63%,2.0,21,4463
468.0,2017-11-15,323.0,324.0,323.0,324.0,+1.25%,4.0,96,4592
469.0,2017-11-16,326.0,331.0,326.0,330.0,+1.85%,6.0,178,4591
470.0,2017-11-17,329.0,329.0,329.0,329.0,-0.30%,-1.0,3,4721
471.0,2017-11-20,325.0,328.0,322.0,327.0,-0.61%,-2.0,94,0
472.0,2017-11-21,331.0,335.0,330.0,333.0,+1.83%,6.0,198,4600
473.0,2017-11-22,333.0,335.5,330.0,330.0,-0.90%,-3.0,152,4668
474.0,2017-11-23,331.0,333.0,330.0,330.0,0.00%,0.0,86,4723
475.0,2017-11-24,330.0,334.0,330.0,334.0,+1.21%,4.0,139,6781
476.0,2017-11-27,333.0,336.0,333.0,334.0,0.00%,0.0,216,7110
477.0,2017-11-28,336.5,336.5,333.0,334.0,0.00%,0.0,140,6907
478.0,2017-11-29,335.0,340.0,335.0,339.0,+1.50%,5.0,203,6965
479.0,2017-11-30,339.0,343.0,338.0,343.0,+1.18%,4.0,133,0
480.0,2017-12-01,344.0,346.0,344.0,344.0,+0.29%,1.0,134,4757
481.0,2017-12-04,348.0,348.0,348.0,348.0,+1.16%,4.0,19,5024
482.0,2017-12-05,347.0,347.0,347.0,347.0,-0.29%,-1.0,8,5042
483.0,2017-12-06,350.0,352.0,349.0,352.0,+1.44%,5.0,104,5044
484.0,2017-12-07,338.0,346.0,338.0,346.0,-1.70%,-6.0,64,5206
485.0,2017-12-08,352.0,355.0,352.0,354.0,+2.31%,8.0,62,5248
486.0,2017-12-11,358.0,360.0,355.0,360.0,+1.69%,6.0,371,5576
487.0,2017-12-12,359.0,359.0,359.0,359.0,-0.28%,-1.0,46,6038
488.0,2017-12-13,359.0,359.0,359.0,359.0,0.00%,0.0,81,5225
489.0,2017-12-14,356.0,356.0,352.0,352.0,-1.95%,-7.0,9,5507
490.0,2017-12-15,348.5,353.0,347.5,352.5,+0.14%,0.5,27,5010
491.0,2017-12-18,354.5,356.0,354.5,356.0,+0.99%,3.5,22,4708
492.0,2017-12-19,360.0,364.5,360.0,362.0,+1.69%,6.0,51,4715
493.0,2017-12-20,362.0,363.5,360.5,361.0,-0.28%,-1.0,25,4753
494.0,2017-12-21,357.5,360.0,357.5,360.0,-0.28%,-1.0,8,5257
495.0,2017-12-22,362.5,362.5,362.5,362.5,+0.69%,2.5,41,4863
496.0,2017-12-27,364.5,364.5,364.5,364.5,+0.55%,2.0,3,4998
497.0,2017-12-28,369.0,369.0,369.0,369.0,+1.23%,4.5,15,4998
498.0,2017-12-29,367.0,367.0,367.0,367.0,-0.54%,-2.0,22,0
499.0,2018-01-02,359.0,359.0,359.0,359.0,-2.18%,-8.0,31,3363
500.0,2018-01-03,363.0,364.0,361.0,363.0,+1.11%,4.0,4,3372
501.0,2018-01-04,363.0,363.0,363.0,363.0,0.00%,0.0,0,3372
502.0,2018-01-05,363.5,364.0,362.0,363.0,0.00%,0.0,21,3362
503.0,2018-01-08,363.0,363.0,363.0,363.0,0.00%,0.0,15,3282
504.0,2018-01-09,363.0,363.0,360.0,360.0,-0.83%,-3.0,24,3270
505.0,2018-01-10,364.5,370.0,363.0,369.0,+2.50%,9.0,154,3020
506.0,2018-01-11,367.5,367.5,361.0,361.0,-2.17%,-8.0,127,2645
507.0,2018-01-12,367.0,367.0,367.0,367.0,+1.66%,6.0,112,2683
508.0,2018-01-15,362.0,362.0,355.0,356.0,-3.00%,-11.0,251,2931
509.0,2018-01-16,355.0,356.0,353.0,356.0,0.00%,0.0,308,3662
510.0,2018-01-17,357.0,357.0,356.0,356.0,0.00%,0.0,65,3314
511.0,2018-01-18,358.0,362.0,358.0,359.0,+0.84%,3.0,91,3447
512.0,2018-01-19,363.0,363.0,363.0,363.0,+1.11%,4.0,170,3308
513.0,2018-01-22,362.0,362.0,357.0,357.0,-1.65%,-6.0,319,3638
514.0,2018-01-23,355.0,355.0,355.0,355.0,-0.56%,-2.0,359,4269
515.0,2018-01-24,358.5,360.0,357.0,360.0,+1.41%,5.0,177,4115
516.0,2018-01-25,352.5,358.5,352.5,358.5,-0.42%,-1.5,275,4863
517.0,2018-01-26,356.5,358.5,356.5,357.0,-0.42%,-1.5,213,4914
518.0,2018-01-29,361.5,361.5,361.5,361.5,+1.26%,4.5,10,4987
519.0,2018-01-30,358.5,358.5,348.0,348.0,-3.73%,-13.5,183,5576
520.0,2018-01-31,349.0,349.0,345.0,347.0,-0.29%,-1.0,136,0
521.0,2018-02-01,349.0,349.0,348.0,348.0,+0.29%,1.0,5517,5686
522.0,2018-02-02,352.0,352.0,352.0,352.0,+1.15%,4.0,160,5824
523.0,2018-02-05,355.0,355.0,350.0,351.0,-0.28%,-1.0,391,6359
524.0,2018-02-06,359.0,359.0,357.0,357.0,+1.71%,6.0,1652,7102
525.0,2018-02-07,362.0,362.0,362.0,362.0,+1.40%,5.0,1978,7084
526.0,2018-02-08,364.0,364.0,364.0,364.0,+0.55%,2.0,1263,7344
527.0,2018-02-09,371.0,371.0,371.0,371.0,+1.92%,7.0,1523,7644
528.0,2018-02-12,366.0,366.0,366.0,366.0,-1.35%,-5.0,498,7618
529.0,2018-02-13,366.0,366.0,366.0,366.0,0.00%,0.0,1243,7865
530.0,2018-02-14,375.0,375.0,375.0,375.0,+2.46%,9.0,3282,8039
531.0,2018-02-15,370.0,372.0,370.0,372.0,-0.80%,-3.0,10016,10277
532.0,2018-02-16,370.0,370.0,370.0,370.0,-0.54%,-2.0,88,0
533.0,2018-02-20,370.0,376.0,370.0,376.0,+1.62%,6.0,3219,10186
534.0,2018-02-21,377.0,378.0,377.0,378.0,+0.53%,2.0,5637,10060
535.0,2018-02-22,377.0,377.0,377.0,377.0,-0.26%,-1.0,1544,10125
536.0,2018-02-23,377.0,377.0,377.0,377.0,0.00%,0.0,1244,10135
537.0,2018-02-26,377.0,384.0,377.0,384.0,+1.86%,7.0,3312,10588
538.0,2018-02-27,389.0,389.0,389.0,389.0,+1.30%,5.0,5526,10780
539.0,2018-02-28,387.0,391.5,385.0,391.5,+0.64%,2.5,4924,9212
540.0,2018-03-01,387.0,388.5,387.0,388.5,-0.77%,-3.0,3899,10012
541.0,2018-03-02,388.0,397.5,388.0,397.5,+2.32%,9.0,3378,10664
542.0,2018-03-05,388.0,393.0,388.0,393.0,-1.13%,-4.5,5640,10643
543.0,2018-03-06,392.0,392.0,391.0,391.0,-0.51%,-2.0,1436,10902
544.0,2018-03-07,392.0,392.0,385.0,385.0,-1.53%,-6.0,3875,10828
545.0,2018-03-08,376.0,377.0,376.0,377.0,-2.08%,-8.0,5208,11683
546.0,2018-03-09,376.0,379.5,376.0,379.5,+0.66%,2.5,469,11711
547.0,2018-03-12,376.0,376.0,374.0,374.0,-1.45%,-5.5,266,11716
548.0,2018-03-13,376.0,376.0,372.0,374.0,0.00%,0.0,273,11728
549.0,2018-03-14,376.0,376.0,369.0,369.0,-1.34%,-5.0,251,11738
550.0,2018-03-15,376.0,376.0,370.0,370.0,+0.27%,1.0,372,11708
551.0,2018-03-16,374.0,375.0,374.0,375.0,+1.35%,5.0,632,11716
552.0,2018-03-19,374.0,374.0,365.0,365.0,-2.67%,-10.0,737,11738
553.0,2018-03-20,374.0,374.0,360.0,360.0,-1.37%,-5.0,287,11737
554.0,2018-03-21,374.0,374.0,360.0,360.0,0.00%,0.0,285,11741
555.0,2018-03-22,374.0,374.0,362.0,362.0,+0.56%,2.0,1601,11789
556.0,2018-03-23,374.0,374.0,353.0,362.0,0.00%,0.0,1240,11894
557.0,2018-03-26,374.0,374.0,353.0,353.0,-2.49%,-9.0,1106,11912
558.0,2018-03-27,374.0,374.0,350.0,350.0,-0.85%,-3.0,1731,11578
559.0,2018-03-28,343.0,345.0,343.0,345.0,-1.43%,-5.0,1419,11598
560.0,2018-03-29,343.0,343.0,342.0,342.0,-0.87%,-3.0,2274,8959
561.0,2018-04-03,345.0,347.0,345.0,347.0,+1.46%,5.0,2117,8823
562.0,2018-04-04,335.0,340.0,335.0,340.0,-2.02%,-7.0,1746,8927
563.0,2018-04-05,333.0,334.0,332.0,332.0,-2.35%,-8.0,3620,8567
564.0,2018-04-06,341.0,346.0,341.0,346.0,+4.22%,14.0,270,9244
565.0,2018-04-09,350.0,350.0,342.0,349.5,+1.01%,3.5,293,9462
566.0,2018-04-10,350.0,350.0,345.0,346.0,-1.00%,-3.5,116,9654
567.0,2018-04-11,342.0,342.0,340.0,340.0,-1.73%,-6.0,122,9617
568.0,2018-04-12,342.0,342.0,338.5,340.5,+0.15%,0.5,60,9718
569.0,2018-04-13,340.5,345.0,340.5,345.0,+1.32%,4.5,129,10040
570.0,2018-04-16,340.0,344.0,340.0,344.0,-0.29%,-1.0,418,10220
571.0,2018-04-17,353.0,354.0,349.0,349.0,+1.45%,5.0,270,10351
572.0,2018-04-18,346.5,356.0,346.5,353.0,+1.15%,4.0,81,10680
573.0,2018-04-19,352.0,352.0,346.0,348.0,-1.42%,-5.0,106,10637
574.0,2018-04-20,352.0,352.0,352.0,352.0,+1.15%,4.0,35,10631
575.0,2018-04-23,354.0,354.0,354.0,354.0,+0.57%,2.0,76,10681
576.0,2018-04-24,350.5,350.5,350.5,350.5,-0.99%,-3.5,51,10696
577.0,2018-04-25,345.0,348.0,345.0,347.0,-1.00%,-3.5,135,10801
578.0,2018-04-26,352.0,352.0,348.0,352.0,+1.44%,5.0,155,10851
579.0,2018-04-27,349.0,349.0,349.0,349.0,-0.85%,-3.0,0,11316
580.0,2018-04-30,355.0,355.0,353.0,353.0,+1.15%,4.0,54,0
581.0,2018-05-01,358.5,358.5,356.5,356.5,+0.99%,3.5,172,11628
582.0,2018-05-02,358.0,360.0,358.0,359.0,+0.70%,2.5,258,11707
583.0,2018-05-03,355.0,362.0,353.5,355.0,-1.11%,-4.0,218,11609
584.0,2018-05-04,354.0,355.0,354.0,354.0,-0.28%,-1.0,134,11684
585.0,2018-05-08,354.0,354.0,354.0,354.0,0.00%,0.0,2,11863
586.0,2018-05-09,356.0,356.0,348.0,348.0,-1.69%,-6.0,85,11863
587.0,2018-05-10,350.0,351.0,350.0,351.0,+0.86%,3.0,20,11857
588.0,2018-05-11,350.0,350.0,348.0,350.0,-0.28%,-1.0,114,11852
589.0,2018-05-14,352.0,353.0,350.0,352.0,+0.57%,2.0,59,11879
590.0,2018-05-15,351.0,355.5,351.0,355.5,+0.99%,3.5,250,11888
591.0,2018-05-16,355.5,356.5,355.5,355.5,0.00%,0.0,69,12010
592.0,2018-05-17,357.0,357.0,350.0,350.0,-1.55%,-5.5,155,12044
593.0,2018-05-18,345.0,345.0,344.0,344.0,-1.71%,-6.0,144,11609
594.0,2018-05-21,345.0,347.0,343.0,347.0,+0.87%,3.0,299,11668
595.0,2018-05-22,344.0,348.0,344.0,345.0,-0.58%,-2.0,213,11837
596.0,2018-05-23,343.0,343.0,338.0,340.0,-1.45%,-5.0,323,11793
597.0,2018-05-24,343.0,344.0,338.0,340.0,0.00%,0.0,258,11833
598.0,2018-05-25,338.5,338.5,334.5,334.5,-1.62%,-5.5,176,11942
599.0,2018-05-29,337.5,338.0,334.5,334.5,0.00%,0.0,168,12003
600.0,2018-05-30,332.5,334.0,331.5,334.0,-0.15%,-0.5,171,10881
601.0,2018-05-31,335.0,338.0,335.0,338.0,+1.20%,4.0,303,0
602.0,2018-06-01,338.0,338.0,338.0,338.0,0.00%,0.0,357,10292
603.0,2018-06-04,340.0,340.0,339.0,340.0,+0.59%,2.0,158,10695
604.0,2018-06-05,347.0,347.0,345.0,347.0,+2.06%,7.0,213,9724
605.0,2018-06-06,340.0,342.0,339.0,342.0,-1.44%,-5.0,464,10127
606.0,2018-06-07,345.5,346.0,345.0,346.0,+1.17%,4.0,129,9839
607.0,2018-06-08,352.0,352.0,352.0,352.0,+1.73%,6.0,42,9914
608.0,2018-06-11,348.0,348.0,348.0,348.0,-1.14%,-4.0,372,10030
609.0,2018-06-12,350.0,350.0,350.0,350.0,+0.57%,2.0,250,10345
610.0,2018-06-13,345.0,345.0,345.0,345.0,-1.43%,-5.0,107,10599
611.0,2018-06-14,347.0,347.0,345.0,346.0,+0.29%,1.0,285,10673
612.0,2018-06-15,349.0,349.0,349.0,349.0,+0.87%,3.0,60,11027
613.0,2018-06-18,348.0,348.0,348.0,348.0,-0.29%,-1.0,163,11188
614.0,2018-06-19,348.0,348.0,348.0,348.0,0.00%,0.0,663,11428
615.0,2018-06-20,348.0,348.0,348.0,348.0,0.00%,0.0,16,11865
616.0,2018-06-21,348.0,348.0,348.0,348.0,0.00%,0.0,38,11860
617.0,2018-06-22,348.0,348.0,348.0,348.0,0.00%,0.0,131,12014
618.0,2018-06-25,348.0,348.0,348.0,348.0,0.00%,0.0,157,12531
619.0,2018-06-26,348.0,348.0,348.0,348.0,0.00%,0.0,0,12332
620.0,2018-06-27,348.0,348.0,348.0,348.0,0.00%,0.0,5,12432
621.0,2018-06-28,348.0,348.0,348.0,348.0,0.00%,0.0,40,12432
622.0,2018-06-29,347.62,347.62,347.62,347.62,-0.11%,-0.38,26,0
623.0,2018-07-02,328.0,328.0,328.0,328.0,-5.64%,-19.62,43,9206
624.0,2018-07-03,328.0,328.0,328.0,328.0,0.00%,0.0,36,9207
625.0,2018-07-04,323.0,323.0,323.0,323.0,-1.52%,-5.0,57,9204
626.0,2018-07-05,320.0,325.0,320.0,324.0,+0.31%,1.0,287,9236
627.0,2018-07-06,326.0,327.0,325.0,327.0,+0.93%,3.0,5,0
628.0,2018-07-10,332.0,332.0,332.0,332.0,+1.53%,5.0,152,9643
629.0,2018-07-11,331.0,333.0,329.5,330.0,-0.60%,-2.0,164,9709
630.0,2018-07-12,325.0,328.0,325.0,328.0,-0.61%,-2.0,79,9665
631.0,2018-07-13,330.5,330.5,330.5,330.5,+0.76%,2.5,10,10114
632.0,2018-07-16,332.0,335.0,330.0,331.5,+0.30%,1.0,439,10105
633.0,2018-07-17,325.5,325.5,324.0,324.0,-2.26%,-7.5,221,10262
634.0,2018-07-18,324.0,324.0,324.0,324.0,0.00%,0.0,73,10095
635.0,2018-07-19,323.0,323.0,323.0,323.0,-0.31%,-1.0,25,10131
636.0,2018-07-20,321.0,324.0,320.5,324.0,+0.31%,1.0,119,10179
637.0,2018-07-23,326.0,326.0,324.0,324.0,0.00%,0.0,292,10231
638.0,2018-07-24,324.0,324.0,324.0,324.0,0.00%,0.0,141,9112
639.0,2018-07-25,327.0,327.0,327.0,327.0,+0.93%,3.0,61,9059
640.0,2018-07-26,327.0,327.0,327.0,327.0,0.00%,0.0,11,8868
641.0,2018-07-27,335.0,335.0,335.0,335.0,+2.45%,8.0,95,8838
642.0,2018-07-30,330.0,330.0,328.0,328.0,-2.09%,-7.0,71,8888
643.0,2018-07-31,328.0,328.0,328.0,328.0,0.00%,0.0,104,0
644.0,2018-08-01,327.0,328.0,325.0,325.0,-0.91%,-3.0,244,7786
645.0,2018-08-02,325.0,325.0,325.0,325.0,0.00%,0.0,101,7876
646.0,2018-08-03,323.0,324.0,323.0,324.0,-0.31%,-1.0,62,8389
647.0,2018-08-06,323.0,323.0,322.0,322.0,-0.62%,-2.0,158,8504
648.0,2018-08-07,319.5,320.0,317.5,317.5,-1.40%,-4.5,157,8542
649.0,2018-08-08,313.0,315.5,313.0,313.0,-1.42%,-4.5,297,8205
650.0,2018-08-09,312.5,312.5,308.0,311.0,-0.64%,-2.0,199,8443
651.0,2018-08-10,303.0,304.0,300.0,304.0,-2.25%,-7.0,567,8634
652.0,2018-08-13,309.0,309.0,292.0,295.0,-2.96%,-9.0,788,7884
653.0,2018-08-14,298.0,306.5,298.0,298.0,+1.02%,3.0,211,7829
654.0,2018-08-15,306.5,312.0,304.0,306.0,+2.68%,8.0,541,7784
655.0,2018-08-16,303.5,305.5,300.5,305.5,-0.16%,-0.5,149,8149
656.0,2018-08-17,307.0,307.0,290.0,296.0,-3.11%,-9.5,470,8337
657.0,2018-08-20,302.0,302.0,302.0,302.0,+2.03%,6.0,284,7939
658.0,2018-08-21,304.0,304.0,303.0,304.0,+0.66%,2.0,277,7918
659.0,2018-08-22,301.0,301.0,301.0,301.0,-0.99%,-3.0,195,8301
660.0,2018-08-23,302.0,307.0,301.0,301.0,0.00%,0.0,550,8871
661.0,2018-08-24,307.0,307.0,305.0,306.0,+1.66%,5.0,153,9658
662.0,2018-08-28,308.0,308.0,306.0,306.0,0.00%,0.0,121,10495
663.0,2018-08-29,310.0,310.0,310.0,310.0,+1.31%,4.0,122,10622
664.0,2018-08-30,315.0,315.0,315.0,315.0,+1.61%,5.0,22,10930
665.0,2018-08-31,310.5,310.5,310.0,310.0,-1.59%,-5.0,22,9817
666.0,2018-09-03,310.5,316.0,309.0,311.0,+0.32%,1.0,127,9580
667.0,2018-09-04,316.0,316.0,313.0,314.0,+0.96%,3.0,541,10373
668.0,2018-09-05,316.0,316.0,309.5,309.5,-1.43%,-4.5,60,11184
669.0,2018-09-06,308.5,310.5,308.5,310.0,+0.16%,0.5,81,11013
670.0,2018-09-07,316.5,316.5,304.0,304.0,-1.94%,-6.0,329,11146
671.0,2018-09-10,302.5,305.0,299.0,302.0,-0.66%,-2.0,117,11143
672.0,2018-09-11,302.0,308.0,300.0,304.0,+0.66%,2.0,470,11191
673.0,2018-09-12,305.0,305.0,300.5,303.0,-0.33%,-1.0,469,12240
674.0,2018-09-13,307.0,307.0,301.5,305.0,+0.66%,2.0,113,12647
675.0,2018-09-14,305.0,305.0,305.0,305.0,0.00%,0.0,288,12788
676.0,2018-09-17,309.5,310.5,309.5,310.5,+1.80%,5.5,26,13105
677.0,2018-09-18,314.5,314.5,311.0,313.0,+0.81%,2.5,65,13108
678.0,2018-09-19,308.0,310.0,303.0,307.0,-1.92%,-6.0,412,13113
679.0,2018-09-20,302.5,306.0,302.5,305.5,-0.49%,-1.5,246,12482
680.0,2018-09-21,304.5,308.0,297.5,304.5,-0.33%,-1.0,508,12635
681.0,2018-09-24,304.0,305.0,303.0,305.0,+0.16%,0.5,228,14280
682.0,2018-09-25,302.5,304.0,302.0,304.0,-0.33%,-1.0,93,14392
683.0,2018-09-26,302.0,308.5,302.0,308.0,+1.32%,4.0,307,14393
684.0,2018-09-27,306.0,306.0,305.0,305.5,-0.81%,-2.5,387,12434
685.0,2018-09-28,304.5,304.5,304.0,304.0,-0.49%,-1.5,31,0
686.0,2018-10-01,304.0,304.0,303.5,303.5,-0.16%,-0.5,55,13129
687.0,2018-10-02,309.0,313.0,309.0,310.0,+2.14%,6.5,188,13008
688.0,2018-10-03,310.5,310.5,310.5,310.5,+0.16%,0.5,15,13550
689.0,2018-10-04,310.5,311.0,310.5,311.0,+0.16%,0.5,13,13550
690.0,2018-10-05,309.5,311.0,309.0,310.0,-0.32%,-1.0,225,13608
691.0,2018-10-08,308.0,308.5,304.5,306.0,-1.29%,-4.0,106,13641
692.0,2018-10-09,306.0,306.0,306.0,306.0,0.00%,0.0,80,13727
693.0,2018-10-10,307.5,307.5,307.5,307.5,+0.49%,1.5,10,13887
694.0,2018-10-11,307.0,307.0,307.0,307.0,-0.16%,-0.5,15,13719
695.0,2018-10-12,307.0,311.0,307.0,311.0,+1.30%,4.0,187,13703
696.0,2018-10-15,319.5,320.0,310.0,310.0,-0.32%,-1.0,100,14062
697.0,2018-10-16,314.0,314.0,314.0,314.0,+1.29%,4.0,4,14055
698.0,2018-10-17,313.5,313.5,311.0,312.0,-0.64%,-2.0,157,14051
699.0,2018-10-18,312.0,312.0,311.5,312.0,0.00%,0.0,248,14050
700.0,2018-10-19,312.5,315.0,311.0,311.0,-0.32%,-1.0,136,14099
701.0,2018-10-22,314.0,320.0,309.0,320.0,+2.89%,9.0,198,14155
702.0,2018-10-23,320.0,322.0,316.0,322.0,+0.62%,2.0,469,14147
703.0,2018-10-24,325.0,328.0,325.0,325.0,+0.93%,3.0,62,13883
704.0,2018-10-25,324.5,325.0,324.5,325.0,0.00%,0.0,67,13821
705.0,2018-10-26,326.5,333.0,326.5,331.5,+2.00%,6.5,247,13772
706.0,2018-10-29,330.5,333.5,329.0,331.5,0.00%,0.0,150,13569
707.0,2018-10-30,330.0,333.0,330.0,333.0,+0.45%,1.5,67,13596
708.0,2018-10-31,330.0,333.0,330.0,332.0,-0.30%,-1.0,201,0
709.0,2018-11-01,331.0,335.5,331.0,335.0,+0.90%,3.0,138,12116
710.0,2018-11-02,335.0,335.0,330.0,333.5,-0.45%,-1.5,134,12155
711.0,2018-11-05,333.5,335.0,333.0,334.5,+0.30%,1.0,64,12197
712.0,2018-11-06,334.5,338.5,334.5,338.5,+1.20%,4.0,599,12309
713.0,2018-11-07,338.0,338.0,335.0,336.0,-0.74%,-2.5,60,12742
714.0,2018-11-08,335.0,335.0,328.0,328.0,-2.38%,-8.0,73,12591
715.0,2018-11-09,333.5,333.5,328.0,330.0,+0.61%,2.0,101,13451
716.0,2018-11-12,329.0,329.0,323.0,323.0,-2.12%,-7.0,22,12929
717.0,2018-11-13,322.0,323.0,321.5,321.5,-0.46%,-1.5,57,13222
718.0,2018-11-14,319.5,320.0,318.0,318.0,-1.09%,-3.5,184,13174
719.0,2018-11-15,314.0,320.0,314.0,319.0,+0.31%,1.0,232,13649
720.0,2018-11-16,320.0,331.5,320.0,328.0,+2.82%,9.0,352,13659
721.0,2018-11-19,322.5,322.5,319.0,320.5,-2.29%,-7.5,227,13494
722.0,2018-11-20,316.0,318.0,316.0,318.0,-0.78%,-2.5,25,13536
723.0,2018-11-21,319.0,319.0,319.0,319.0,+0.31%,1.0,6,13491
724.0,2018-11-22,311.0,315.0,311.0,315.0,-1.25%,-4.0,72,13857
725.0,2018-11-23,310.0,311.0,307.0,311.0,-1.27%,-4.0,75,13909
726.0,2018-11-26,311.0,311.0,307.0,309.0,-0.64%,-2.0,131,13834
727.0,2018-11-27,309.5,309.5,301.0,302.0,-2.27%,-7.0,139,13923
728.0,2018-11-28,304.0,310.0,303.0,304.0,+0.66%,2.0,144,13930
729.0,2018-11-29,304.0,306.0,301.0,304.0,0.00%,0.0,80,13910
730.0,2018-11-30,304.0,304.0,300.0,302.5,-0.49%,-1.5,230,0
731.0,2018-12-03,306.5,314.0,306.5,312.0,+3.14%,9.5,308,13013
732.0,2018-12-04,310.0,310.0,310.0,310.0,-0.64%,-2.0,132,12583
733.0,2018-12-05,308.0,308.0,300.0,308.0,-0.65%,-2.0,140,12632
734.0,2018-12-06,301.5,301.5,301.0,301.5,-2.11%,-6.5,207,13152
735.0,2018-12-07,301.0,301.0,300.5,300.5,-0.33%,-1.0,247,13292
736.0,2018-12-10,300.5,300.5,300.5,300.5,0.00%,0.0,60,13297
737.0,2018-12-11,300.0,300.0,300.0,300.0,-0.17%,-0.5,58,13307
738.0,2018-12-12,300.0,300.0,300.0,300.0,0.00%,0.0,189,13324
739.0,2018-12-13,301.0,301.0,301.0,301.0,+0.33%,1.0,95,12683
740.0,2018-12-14,299.0,299.0,299.0,299.0,-0.66%,-2.0,15,12664
741.0,2018-12-17,302.5,302.5,302.5,302.5,+1.17%,3.5,0,12659
742.0,2018-12-18,298.0,298.0,298.0,298.0,-1.49%,-4.5,5,12659
743.0,2018-12-19,298.0,298.0,298.0,298.0,0.00%,0.0,0,12592
744.0,2018-12-20,302.0,302.0,302.0,302.0,+1.34%,4.0,112,12800
745.0,2018-12-21,298.0,298.0,298.0,298.0,-1.32%,-4.0,0,13279
746.0,2018-12-24,298.0,298.0,298.0,298.0,0.00%,0.0,0,13780
747.0,2018-12-27,293.0,293.0,293.0,293.0,-1.68%,-5.0,0,13780
748.0,2018-12-28,297.0,299.87,297.0,299.87,+2.34%,6.87,10,13944
749.0,2018-12-31,299.87,299.87,299.87,299.87,0.00%,0.0,15,8576
750.0,2019-01-02,277.5,279.5,275.0,278.0,-7.29%,-21.87,243,8576
751.0,2019-01-03,280.0,280.0,280.0,280.0,+0.72%,2.0,665,8646
752.0,2019-01-04,280.0,280.0,280.0,280.0,0.00%,0.0,1,9150
753.0,2019-01-07,278.0,282.5,278.0,280.0,0.00%,0.0,73,8801
754.0,2019-01-08,280.0,283.0,273.0,280.5,+0.18%,0.5,767,8685
755.0,2019-01-09,279.5,281.5,279.5,281.5,+0.36%,1.0,101,8103
756.0,2019-01-10,280.0,286.0,280.0,284.0,+0.89%,2.5,158,7625
757.0,2019-01-11,283.0,287.0,283.0,287.0,+1.06%,3.0,138,7310
758.0,2019-01-14,287.5,287.5,283.0,286.0,-0.35%,-1.0,112,7288
759.0,2019-01-15,282.0,282.0,282.0,282.0,-1.40%,-4.0,68,7212
760.0,2019-01-16,279.0,286.0,279.0,283.0,+0.35%,1.0,62,7216
761.0,2019-01-17,289.0,289.0,289.0,289.0,+2.12%,6.0,9,7318
762.0,2019-01-18,289.0,289.0,289.0,289.0,0.00%,0.0,214,6891
763.0,2019-01-21,296.0,296.5,296.0,296.5,+2.60%,7.5,97,6829
764.0,2019-01-22,296.5,296.5,296.5,296.5,0.00%,0.0,21,7037
765.0,2019-01-23,296.5,296.5,295.0,296.0,-0.17%,-0.5,159,7042
766.0,2019-01-24,298.0,309.0,298.0,309.0,+4.39%,13.0,121,6834
767.0,2019-01-25,304.0,314.0,304.0,308.0,-0.32%,-1.0,204,6496
768.0,2019-01-28,310.5,319.0,310.5,311.0,+0.97%,3.0,198,6305
769.0,2019-01-29,315.0,315.0,312.0,312.0,+0.32%,1.0,49,6473
770.0,2019-01-30,317.0,325.0,317.0,323.0,+3.53%,11.0,200,6276
771.0,2019-01-31,324.0,329.0,323.0,326.0,+0.93%,3.0,419,0
772.0,2019-02-01,329.5,330.0,329.5,330.0,+1.23%,4.0,181,4349
773.0,2019-02-04,329.0,329.0,329.0,329.0,-0.30%,-1.0,123,4400
774.0,2019-02-05,330.0,335.0,330.0,330.0,+0.30%,1.0,521,3751
775.0,2019-02-06,335.5,335.5,335.5,335.5,+1.67%,5.5,126,4242
776.0,2019-02-07,332.0,332.0,332.0,332.0,-1.04%,-3.5,60,4251
777.0,2019-02-08,332.0,332.0,332.0,332.0,0.00%,0.0,76,4236
778.0,2019-02-11,331.0,332.0,331.0,332.0,0.00%,0.0,76,4531
779.0,2019-02-12,329.0,329.0,329.0,329.0,-0.90%,-3.0,249,4567
780.0,2019-02-13,329.0,329.0,329.0,329.0,0.00%,0.0,68,4541
781.0,2019-02-14,325.0,325.0,325.0,325.0,-1.22%,-4.0,14,4628
782.0,2019-02-15,326.0,327.5,326.0,327.5,+0.77%,2.5,137,4605
783.0,2019-02-18,327.0,327.0,327.0,327.0,-0.15%,-0.5,58,4675
784.0,2019-02-19,326.0,326.0,326.0,326.0,-0.31%,-1.0,108,4677
785.0,2019-02-20,323.0,323.0,323.0,323.0,-0.92%,-3.0,107,4759
786.0,2019-02-21,321.0,321.0,320.5,320.5,-0.77%,-2.5,191,5179
787.0,2019-02-22,325.0,325.0,321.0,325.0,+1.40%,4.5,33,5213
788.0,2019-02-25,325.0,325.0,325.0,325.0,0.00%,0.0,7,5517
789.0,2019-02-26,319.5,319.5,319.5,319.5,-1.69%,-5.5,10,5517
790.0,2019-02-27,317.5,317.5,316.0,316.0,-1.10%,-3.5,12,5582
791.0,2019-02-28,324.5,325.0,324.5,325.0,+2.85%,9.0,67,0
792.0,2019-03-01,327.5,327.5,327.5,327.5,+0.77%,2.5,27,4659
793.0,2019-03-04,325.5,327.0,325.0,325.5,-0.61%,-2.0,132,4783
794.0,2019-03-05,328.0,332.5,328.0,329.0,+1.08%,3.5,200,4840
795.0,2019-03-06,329.5,332.0,329.5,332.0,+0.91%,3.0,253,4924
796.0,2019-03-07,332.0,332.0,332.0,332.0,0.00%,0.0,109,5033
797.0,2019-03-08,332.0,332.0,332.0,332.0,0.00%,0.0,0,5092
798.0,2019-03-11,331.0,331.0,330.0,330.0,-0.60%,-2.0,122,5092
799.0,2019-03-12,330.0,330.0,325.0,328.0,-0.61%,-2.0,16,4982
800.0,2019-03-13,328.0,328.0,328.0,328.0,0.00%,0.0,2,4983
801.0,2019-03-14,327.0,327.0,327.0,327.0,-0.30%,-1.0,1,4984
802.0,2019-03-15,327.0,327.0,327.0,327.0,0.00%,0.0,37,6126
803.0,2019-03-18,325.0,325.0,325.0,325.0,-0.61%,-2.0,0,6130
804.0,2019-03-19,323.0,324.0,323.0,324.0,-0.31%,-1.0,7,6130
805.0,2019-03-20,320.0,320.0,320.0,320.0,-1.23%,-4.0,1,6125
806.0,2019-03-21,321.0,321.0,321.0,321.0,+0.31%,1.0,5,6124
807.0,2019-03-22,322.0,322.0,322.0,322.0,+0.31%,1.0,0,6068
808.0,2019-03-25,324.5,324.5,324.5,324.5,+0.78%,2.5,19,4984
809.0,2019-03-26,323.5,323.5,323.5,323.5,-0.31%,-1.0,21,5182
810.0,2019-03-27,321.5,323.0,320.5,323.0,-0.15%,-0.5,47,5377
811.0,2019-03-28,319.0,319.0,318.0,318.0,-1.55%,-5.0,10,0
812.0,2019-04-01,315.0,315.0,312.0,312.0,-1.89%,-6.0,38,4619
813.0,2019-04-02,317.0,317.0,315.0,315.0,+0.96%,3.0,10,4658
814.0,2019-04-03,314.0,314.0,314.0,314.0,-0.32%,-1.0,45,4585
815.0,2019-04-04,317.0,317.0,314.0,314.0,0.00%,0.0,38,4602
816.0,2019-04-05,313.0,313.0,313.0,313.0,-0.32%,-1.0,24,4597
817.0,2019-04-08,313.0,315.0,313.0,315.0,+0.64%,2.0,34,4609
818.0,2019-04-09,313.0,313.0,310.5,310.5,-1.43%,-4.5,7,4617
819.0,2019-04-10,308.0,308.0,307.5,307.5,-0.97%,-3.0,134,4819
820.0,2019-04-11,308.0,308.5,308.0,308.0,+0.16%,0.5,71,4807
821.0,2019-04-12,310.0,310.0,310.0,310.0,+0.65%,2.0,43,4297
822.0,2019-04-15,312.0,312.0,312.0,312.0,+0.65%,2.0,36,4331
823.0,2019-04-16,313.0,313.0,313.0,313.0,+0.32%,1.0,51,3860
824.0,2019-04-17,315.0,315.0,315.0,315.0,+0.64%,2.0,66,3863
825.0,2019-04-18,311.0,312.0,311.0,312.0,-0.95%,-3.0,57,3804
826.0,2019-04-23,311.5,311.5,311.5,311.5,-0.16%,-0.5,3,4103
827.0,2019-04-24,310.0,310.0,308.0,308.0,-1.12%,-3.5,47,4113
828.0,2019-04-25,308.0,308.0,306.5,306.5,-0.49%,-1.5,46,4011
829.0,2019-04-26,304.0,304.0,303.5,303.5,-0.98%,-3.0,40,4012
830.0,2019-04-29,306.0,306.0,303.5,303.5,0.00%,0.0,42,4167
831.0,2019-04-30,308.0,308.0,308.0,308.0,+1.48%,4.5,22,0
832.0,2019-05-02,307.0,307.0,306.5,306.5,-0.49%,-1.5,3,3260
833.0,2019-05-03,306.5,306.5,301.5,301.5,-1.63%,-5.0,40,3244
834.0,2019-05-07,299.5,299.5,299.0,299.0,-0.83%,-2.5,146,3275
835.0,2019-05-08,296.0,296.0,296.0,296.0,-1.00%,-3.0,43,3191
836.0,2019-05-09,295.0,295.0,295.0,295.0,-0.34%,-1.0,153,3177
837.0,2019-05-10,293.0,295.0,289.0,295.0,0.00%,0.0,149,3346
838.0,2019-05-13,293.0,293.0,292.0,292.0,-1.02%,-3.0,51,3744
839.0,2019-05-14,289.0,291.5,289.0,290.0,-0.68%,-2.0,37,3825
840.0,2019-05-15,289.5,290.0,286.0,286.0,-1.38%,-4.0,143,3898
841.0,2019-05-16,287.0,299.0,286.0,299.0,+4.55%,13.0,263,5878
842.0,2019-05-17,305.0,315.0,305.0,314.0,+5.02%,15.0,313,5268
843.0,2019-05-20,315.5,320.0,311.0,311.0,-0.96%,-3.0,125,4682
844.0,2019-05-21,312.0,314.5,310.0,310.0,-0.32%,-1.0,70,4709
845.0,2019-05-22,309.5,314.0,307.0,314.0,+1.29%,4.0,114,4662
846.0,2019-05-23,312.0,312.5,310.5,311.5,-0.80%,-2.5,74,4679
847.0,2019-05-24,312.5,312.5,306.5,311.0,-0.16%,-0.5,99,4568
848.0,2019-05-28,310.0,312.5,310.0,310.0,-0.32%,-1.0,72,4566
849.0,2019-05-29,307.0,308.0,306.0,307.5,-0.81%,-2.5,70,4594
850.0,2019-05-30,304.5,305.0,301.0,301.0,-2.11%,-6.5,152,4559
851.0,2019-05-31,302.5,302.5,300.0,302.5,+0.50%,1.5,122,0
852.0,2019-06-03,293.0,294.5,292.5,294.0,-2.81%,-8.5,89,4973
853.0,2019-06-04,296.0,300.0,296.0,300.0,+2.04%,6.0,306,4988
854.0,2019-06-05,297.0,297.0,297.0,297.0,-1.00%,-3.0,35,5189
855.0,2019-06-06,297.0,297.0,297.0,297.0,0.00%,0.0,38,5197
856.0,2019-06-07,297.0,297.0,297.0,297.0,0.00%,0.0,18,5220
857.0,2019-06-10,297.0,297.0,297.0,297.0,0.00%,0.0,0,5227
858.0,2019-06-11,301.5,302.0,301.5,301.5,+1.52%,4.5,109,5251
859.0,2019-06-12,299.0,299.0,299.0,299.0,-0.83%,-2.5,5,5298
860.0,2019-06-13,299.0,303.0,299.0,303.0,+1.34%,4.0,212,5301
861.0,2019-06-14,290.0,290.0,286.5,288.5,-4.79%,-14.5,106,5558
862.0,2019-06-17,288.0,288.0,284.0,288.0,-0.17%,-0.5,72,5859
863.0,2019-06-18,288.5,290.5,288.5,290.5,+0.87%,2.5,59,5886
864.0,2019-06-19,292.0,292.0,292.0,292.0,+0.52%,1.5,624,9564
865.0,2019-06-20,298.0,298.0,298.0,298.0,+2.05%,6.0,177,9592
866.0,2019-06-21,298.0,298.0,298.0,298.0,0.00%,0.0,0,5990
867.0,2019-06-24,300.0,300.0,300.0,300.0,+0.67%,2.0,26,5990
868.0,2019-06-25,299.5,299.5,299.5,299.5,-0.17%,-0.5,65,5984
869.0,2019-06-26,296.5,300.0,296.5,300.0,+0.17%,0.5,80,3632
870.0,2019-06-27,298.5,302.0,298.5,302.0,+0.67%,2.0,125,3587
871.0,2019-06-28,308.5,308.5,308.5,308.5,+2.15%,6.5,150,0
872.0,2019-07-01,314.5,316.5,305.0,305.0,-1.13%,-3.5,75,4558
873.0,2019-07-02,305.5,305.5,305.5,305.5,+0.16%,0.5,83,4551
874.0,2019-07-03,313.0,313.0,309.0,309.5,+1.31%,4.0,62,4561
875.0,2019-07-04,307.5,310.0,305.5,310.0,+0.16%,0.5,119,4601
876.0,2019-07-05,310.0,310.0,307.0,307.0,-0.97%,-3.0,101,4577
877.0,2019-07-08,306.0,307.5,306.0,306.0,-0.33%,-1.0,119,4674
878.0,2019-07-09,302.5,304.0,302.0,304.0,-0.65%,-2.0,73,4597
879.0,2019-07-10,304.0,304.0,304.0,304.0,0.00%,0.0,11,4619
880.0,2019-07-11,301.5,301.5,301.5,301.5,-0.82%,-2.5,41,4618
881.0,2019-07-12,302.5,302.5,302.5,302.5,+0.33%,1.0,57,4637
882.0,2019-07-15,303.0,306.0,303.0,306.0,+1.16%,3.5,78,4805
883.0,2019-07-16,308.0,308.0,304.5,304.5,-0.49%,-1.5,43,4725
884.0,2019-07-17,309.0,309.0,309.0,309.0,+1.48%,4.5,21,4744
885.0,2019-07-18,303.0,303.0,303.0,303.0,-1.94%,-6.0,71,4745
886.0,2019-07-19,307.0,307.0,304.0,304.0,+0.33%,1.0,59,4861
887.0,2019-07-22,305.0,305.0,305.0,305.0,+0.33%,1.0,24,4664
888.0,2019-07-23,304.0,304.0,304.0,304.0,-0.33%,-1.0,12,4729
889.0,2019-07-24,299.0,300.0,298.5,298.5,-1.81%,-5.5,180,4775
890.0,2019-07-25,300.0,300.0,300.0,300.0,+0.50%,1.5,13,5203
891.0,2019-07-26,299.0,299.0,299.0,299.0,-0.33%,-1.0,120,5199
892.0,2019-07-29,299.0,299.0,299.0,299.0,0.00%,0.0,0,5196
893.0,2019-07-30,302.0,304.0,297.0,297.0,-0.67%,-2.0,46,5196
894.0,2019-07-31,297.0,297.0,296.5,296.5,-0.17%,-0.5,95,0
895.0,2019-08-01,296.5,296.5,296.5,296.5,0.00%,0.0,13,4838
896.0,2019-08-02,296.0,296.0,296.0,296.0,-0.17%,-0.5,16,4833
897.0,2019-08-05,294.0,294.0,294.0,294.0,-0.68%,-2.0,25,4876
898.0,2019-08-06,290.0,293.0,290.0,293.0,-0.34%,-1.0,44,4707
899.0,2019-08-07,290.0,291.0,290.0,290.0,-1.02%,-3.0,41,4709
900.0,2019-08-08,293.0,293.0,293.0,293.0,+1.03%,3.0,76,4723
901.0,2019-08-09,288.0,290.0,286.0,286.0,-2.39%,-7.0,41,4767
902.0,2019-08-12,286.0,286.0,286.0,286.0,0.00%,0.0,27,5363
903.0,2019-08-13,286.0,286.0,286.0,286.0,0.00%,0.0,24,5387
904.0,2019-08-14,292.0,294.5,292.0,294.0,+2.80%,8.0,65,5595
905.0,2019-08-15,287.0,287.0,287.0,287.0,-2.38%,-7.0,12,6844
906.0,2019-08-16,281.5,281.5,281.0,281.0,-2.09%,-6.0,47,5699
907.0,2019-08-19,280.5,280.5,280.5,280.5,-0.18%,-0.5,46,5730
908.0,2019-08-20,280.0,280.0,280.0,280.0,-0.18%,-0.5,127,5740
909.0,2019-08-21,276.5,280.0,275.0,275.0,-1.79%,-5.0,165,5804
910.0,2019-08-22,279.0,280.0,279.0,279.0,+1.45%,4.0,142,5739
911.0,2019-08-23,280.0,280.0,280.0,280.0,+0.36%,1.0,94,5880
912.0,2019-08-27,273.0,273.0,273.0,273.0,-2.50%,-7.0,15,5886
913.0,2019-08-28,272.0,272.0,269.5,269.5,-1.28%,-3.5,15,6466
914.0,2019-08-29,259.5,270.0,259.5,267.0,-0.93%,-2.5,482,6471
915.0,2019-08-30,267.0,267.0,267.0,267.0,0.00%,0.0,12,5115
916.0,2019-09-02,265.5,270.0,265.5,269.5,+0.94%,2.5,33,5807
917.0,2019-09-03,266.5,271.0,258.5,263.0,-2.41%,-6.5,270,5779
918.0,2019-09-04,260.5,267.5,260.5,265.0,+0.76%,2.0,231,6139
919.0,2019-09-05,262.0,263.5,260.5,261.0,-1.51%,-4.0,105,6576
920.0,2019-09-06,254.0,254.0,254.0,254.0,-2.68%,-7.0,49,6607
921.0,2019-09-09,253.0,254.0,249.5,254.0,0.00%,0.0,159,6766
922.0,2019-09-10,251.0,257.0,250.0,254.5,+0.20%,0.5,147,8175
923.0,2019-09-11,258.0,258.0,253.0,257.0,+0.98%,2.5,137,8405
924.0,2019-09-12,257.5,259.0,253.0,253.0,-1.56%,-4.0,429,8413
925.0,2019-09-13,250.0,251.5,249.5,249.5,-1.38%,-3.5,201,8887
926.0,2019-09-16,249.5,249.5,249.5,249.5,0.00%,0.0,163,9020
927.0,2019-09-17,250.0,252.5,250.0,252.5,+1.20%,3.0,251,9023
928.0,2019-09-18,250.0,250.5,249.0,249.0,-1.39%,-3.5,160,9129
929.0,2019-09-19,238.0,247.0,238.0,246.5,-1.00%,-2.5,210,9210
930.0,2019-09-20,245.5,245.5,239.0,241.0,-2.23%,-5.5,232,9299
931.0,2019-09-23,242.0,243.0,242.0,243.0,+0.83%,2.0,27,9723
932.0,2019-09-24,240.5,240.5,238.0,238.0,-2.06%,-5.0,238,9671
933.0,2019-09-25,235.0,243.5,230.0,232.0,-2.52%,-6.0,343,10241
934.0,2019-09-26,234.0,236.0,232.0,234.5,+1.08%,2.5,198,10583
935.0,2019-09-27,237.0,237.5,236.0,236.0,+0.64%,1.5,108,10675
936.0,2019-09-30,237.0,240.0,234.5,237.0,+0.42%,1.0,147,0
937.0,2019-10-01,234.0,234.0,234.0,234.0,-1.27%,-3.0,89,9406
938.0,2019-10-02,234.5,239.5,234.5,239.0,+2.14%,5.0,50,9560
939.0,2019-10-03,235.0,235.0,235.0,235.0,-1.67%,-4.0,53,9773
940.0,2019-10-04,236.0,238.5,236.0,238.5,+1.49%,3.5,206,9934
941.0,2019-10-07,238.0,238.0,238.0,238.0,-0.21%,-0.5,59,10081
942.0,2019-10-08,246.0,246.0,246.0,246.0,+3.36%,8.0,37,9871
943.0,2019-10-09,240.5,246.0,240.5,246.0,0.00%,0.0,80,9875
944.0,2019-10-10,249.0,249.0,249.0,249.0,+1.22%,3.0,121,10232
945.0,2019-10-11,247.0,252.0,246.5,248.5,-0.20%,-0.5,67,10329
946.0,2019-10-14,248.5,248.5,246.0,246.0,-1.01%,-2.5,94,10497
947.0,2019-10-15,245.0,245.5,245.0,245.0,-0.41%,-1.0,23,10539
948.0,2019-10-16,246.5,246.5,245.0,246.0,+0.41%,1.0,168,10530
949.0,2019-10-17,245.0,246.5,245.0,246.5,+0.20%,0.5,34,10566
950.0,2019-10-18,249.5,253.0,249.5,250.5,+1.62%,4.0,77,10569
951.0,2019-10-21,252.0,255.0,252.0,253.56,+1.22%,3.06,113,10571
952.0,2019-10-22,255.0,255.0,254.5,254.5,+0.37%,0.94,73,10584
953.0,2019-10-23,254.0,255.0,253.0,254.0,-0.20%,-0.5,119,11053
954.0,2019-10-24,253.5,256.5,252.5,253.5,-0.20%,-0.5,123,11260
955.0,2019-10-25,258.0,261.0,257.5,260.5,+2.76%,7.0,146,11400
956.0,2019-10-28,256.5,262.0,256.5,258.5,-0.77%,-2.0,83,11430
957.0,2019-10-29,258.5,258.5,258.0,258.0,-0.19%,-0.5,40,11407
958.0,2019-10-30,255.0,255.5,251.5,255.5,-0.97%,-2.5,102,11425
959.0,2019-10-31,255.0,255.0,255.0,255.0,-0.20%,-0.5,10,0
960.0,2019-11-01,260.0,263.5,260.0,263.0,+3.14%,8.0,128,8932
961.0,2019-11-04,259.0,265.5,257.0,263.5,+0.19%,0.5,89,9500
962.0,2019-11-05,264.0,265.0,264.0,265.0,+0.57%,1.5,61,9644
963.0,2019-11-06,267.5,268.0,267.5,268.0,+1.13%,3.0,183,9713
964.0,2019-11-07,269.0,269.0,269.0,269.0,+0.37%,1.0,25,9683
965.0,2019-11-08,265.0,265.0,262.0,264.0,-1.86%,-5.0,11,10368
966.0,2019-11-11,260.0,260.0,260.0,260.0,-1.52%,-4.0,65,9817
967.0,2019-11-12,262.5,263.0,262.5,263.0,+1.15%,3.0,106,9768
968.0,2019-11-13,264.5,264.5,264.5,264.5,+0.57%,1.5,55,9798
969.0,2019-11-14,265.5,265.5,261.5,261.5,-1.13%,-3.0,185,9812
970.0,2019-11-15,261.5,261.5,261.5,261.5,0.00%,0.0,58,9809
971.0,2019-11-18,261.0,261.0,261.0,261.0,-0.19%,-0.5,57,9789
972.0,2019-11-19,262.0,262.0,262.0,262.0,+0.38%,1.0,108,9785
973.0,2019-11-20,261.5,261.5,261.5,261.5,-0.19%,-0.5,120,9789
974.0,2019-11-21,262.0,262.0,261.5,261.5,0.00%,0.0,89,9637
975.0,2019-11-22,261.0,261.0,261.0,261.0,-0.19%,-0.5,70,9723
976.0,2019-11-25,261.0,261.0,261.0,261.0,0.00%,0.0,159,9838
977.0,2019-11-26,261.0,261.0,261.0,261.0,0.00%,0.0,144,9903
978.0,2019-11-27,261.0,261.0,261.0,261.0,0.00%,0.0,176,10228
979.0,2019-11-28,261.5,261.5,261.5,261.5,+0.19%,0.5,119,10286
980.0,2019-11-29,261.5,261.69,261.5,261.69,+0.07%,0.19,57,0
981.0,2019-12-02,278.0,279.0,278.0,279.0,+6.61%,17.31,105,8043
982.0,2019-12-03,286.5,286.5,284.5,284.5,+1.97%,5.5,163,8083
983.0,2019-12-04,287.5,295.0,287.5,295.0,+3.69%,10.5,215,8044
984.0,2019-12-05,293.0,293.0,288.0,288.0,-2.37%,-7.0,103,8049
985.0,2019-12-06,288.0,290.0,288.0,290.0,+0.69%,2.0,190,8205
986.0,2019-12-09,296.0,296.0,292.0,292.0,+0.69%,2.0,39,8310
987.0,2019-12-10,292.0,292.0,290.0,291.0,-0.34%,-1.0,167,8289
988.0,2019-12-11,293.0,293.0,293.0,293.0,+0.69%,2.0,8,8249
989.0,2019-12-12,299.0,307.5,299.0,303.5,+3.58%,10.5,144,8252
990.0,2019-12-13,299.5,302.5,299.5,302.5,-0.33%,-1.0,80,8776
991.0,2019-12-16,302.5,303.0,302.5,303.0,+0.17%,0.5,51,8661
992.0,2019-12-17,271.0,271.0,271.0,271.0,-10.56%,-32.0,26,9943
993.0,2019-12-18,275.0,275.0,275.0,275.0,+1.48%,4.0,132,9994
994.0,2019-12-19,274.5,275.0,274.5,275.0,0.00%,0.0,18,10160
995.0,2019-12-20,277.5,277.5,277.5,277.5,+0.91%,2.5,5,10166
996.0,2019-12-23,278.0,278.0,278.0,278.0,+0.18%,0.5,11,10175
997.0,2019-12-24,278.0,278.0,278.0,278.0,0.00%,0.0,11,10177
998.0,2019-12-27,279.0,279.0,279.0,279.0,+0.36%,1.0,0,10227
999.0,2019-12-30,279.0,279.0,279.0,279.0,0.00%,0.0,21,10227
1000.0,2019-12-31,278.0,278.0,278.0,278.0,-0.36%,-1.0,3,0
1001.0,2020-01-02,277.0,277.0,277.0,277.0,-0.36%,-1.0,62,9521
1002.0,2020-01-03,278.0,278.0,278.0,278.0,+0.36%,1.0,3,9582
1003.0,2020-01-06,276.0,276.0,276.0,276.0,-0.72%,-2.0,6,9603
1004.0,2020-01-07,279.0,279.0,279.0,279.0,+1.09%,3.0,15,9653
1005.0,2020-01-08,281.0,281.0,281.0,281.0,+0.72%,2.0,8,9701
1006.0,2020-01-09,280.0,280.0,280.0,280.0,-0.36%,-1.0,5,9694
1007.0,2020-01-10,282.0,282.0,282.0,282.0,+0.71%,2.0,52,9941
1008.0,2020-01-13,290.0,290.0,290.0,290.0,+2.84%,8.0,85,9965
1009.0,2020-01-14,288.0,288.0,288.0,288.0,-0.69%,-2.0,135,10318
1010.0,2020-01-15,280.0,280.0,280.0,280.0,-2.78%,-8.0,61,10290
1011.0,2020-01-16,279.0,279.0,279.0,279.0,-0.36%,-1.0,51,10310
1012.0,2020-01-17,281.0,281.0,281.0,281.0,+0.72%,2.0,51,10305
1013.0,2020-01-20,282.0,282.0,282.0,282.0,+0.36%,1.0,15,10394
1014.0,2020-01-21,279.0,279.0,279.0,279.0,-1.06%,-3.0,0,10361
1015.0,2020-01-22,272.0,272.0,272.0,272.0,-2.51%,-7.0,146,10327
1016.0,2020-01-23,279.0,279.0,279.0,279.0,+2.57%,7.0,81,10506
1017.0,2020-01-24,283.0,283.0,283.0,283.0,+1.43%,4.0,58,10716
1018.0,2020-01-27,277.0,277.0,277.0,277.0,-2.12%,-6.0,99,10757
1019.0,2020-01-28,279.5,279.5,279.5,279.5,+0.90%,2.5,99,10914
1020.0,2020-01-29,280.0,280.0,280.0,280.0,+0.18%,0.5,38,10963
1021.0,2020-01-30,273.0,273.0,273.0,273.0,-2.50%,-7.0,57,10999
1022.0,2020-01-31,274.0,274.0,274.0,274.0,+0.37%,1.0,40,9626
1023.0,2020-02-03,264.0,267.0,264.0,267.0,-2.55%,-7.0,116,9683
1024.0,2020-02-04,266.0,266.0,266.0,266.0,-0.37%,-1.0,87,10093
1025.0,2020-02-05,270.5,270.5,270.0,270.0,+1.50%,4.0,27,10455
1026.0,2020-02-06,268.0,268.0,268.0,268.0,-0.74%,-2.0,25,10484
1027.0,2020-02-07,268.0,268.0,268.0,268.0,0.00%,0.0,194,10532
1028.0,2020-02-10,273.0,273.0,273.0,273.0,+1.87%,5.0,39,10498
1029.0,2020-02-11,274.0,274.0,274.0,274.0,+0.37%,1.0,25,10713
1030.0,2020-02-12,276.0,276.0,276.0,276.0,+0.73%,2.0,103,10703
1031.0,2020-02-13,276.0,276.0,276.0,276.0,0.00%,0.0,7,10700
1032.0,2020-02-14,276.0,276.0,276.0,276.0,0.00%,0.0,8,0
1033.0,2020-02-18,276.0,276.0,276.0,276.0,0.00%,0.0,71,10800
1034.0,2020-02-19,276.0,276.0,276.0,276.0,0.00%,0.0,65,10523
1035.0,2020-02-20,276.0,276.0,276.0,276.0,0.00%,0.0,15,10664
1036.0,2020-02-21,277.0,277.0,277.0,277.0,+0.36%,1.0,21,10658
1037.0,2020-02-24,277.0,277.0,277.0,277.0,0.00%,0.0,10,10652
1038.0,2020-02-25,276.0,276.0,276.0,276.0,-0.36%,-1.0,118,10662
1039.0,2020-02-26,276.0,276.0,276.0,276.0,0.00%,0.0,73,11198
1040.0,2020-02-27,277.0,277.0,277.0,277.0,+0.36%,1.0,24,11227
1041.0,2020-02-28,276.0,276.0,276.0,276.0,-0.36%,-1.0,15,0
1042.0,2020-03-02,276.0,276.0,276.0,276.0,0.00%,0.0,119,9752
1043.0,2020-03-03,276.0,276.0,276.0,276.0,0.00%,0.0,70,9631
1044.0,2020-03-04,276.0,276.0,276.0,276.0,0.00%,0.0,5,9795
1045.0,2020-03-05,281.0,281.0,281.0,281.0,+1.81%,5.0,45,9700
1046.0,2020-03-06,281.0,281.0,281.0,281.0,0.00%,0.0,24,9540
1047.0,2020-03-09,281.0,281.0,281.0,281.0,0.00%,0.0,4,9245
1048.0,2020-03-10,281.0,281.0,281.0,281.0,0.00%,0.0,36,9345
1049.0,2020-03-11,278.0,278.0,278.0,278.0,-1.07%,-3.0,6,9975
1050.0,2020-03-12,267.0,267.0,267.0,267.0,-3.96%,-11.0,240,9980
1051.0,2020-03-13,277.0,277.0,275.0,275.0,+3.00%,8.0,285,10850
1052.0,2020-03-16,266.0,266.0,266.0,266.0,-3.27%,-9.0,26,11192
1053.0,2020-03-17,268.0,268.0,268.0,268.0,+0.75%,2.0,81,11077
1054.0,2020-03-18,250.0,250.0,250.0,250.0,-6.72%,-18.0,78,11336
1055.0,2020-03-19,250.0,250.0,250.0,250.0,0.00%,0.0,32,10672
1056.0,2020-03-20,250.0,258.0,250.0,258.0,+3.20%,8.0,98,10362
1057.0,2020-03-23,258.0,258.0,258.0,258.0,0.00%,0.0,0,9896
1058.0,2020-03-24,255.0,255.0,255.0,255.0,-1.16%,-3.0,111,10096
1059.0,2020-03-25,255.0,255.0,255.0,255.0,0.00%,0.0,28,10641
1060.0,2020-03-26,255.0,255.0,255.0,255.0,0.00%,0.0,19,10807
1061.0,2020-03-27,255.0,255.0,255.0,255.0,0.00%,0.0,145,10610
1062.0,2020-03-30,248.0,248.0,244.0,244.0,-4.31%,-11.0,32,10678
1063.0,2020-03-31,260.0,260.0,260.0,260.0,+6.56%,16.0,177,0
1064.0,2020-04-01,260.0,260.0,260.0,260.0,0.00%,0.0,352,9067
1065.0,2020-04-02,262.0,262.0,262.0,262.0,+0.77%,2.0,185,9317
1066.0,2020-04-03,262.0,265.0,262.0,265.0,+1.15%,3.0,163,9497
1067.0,2020-04-06,267.0,268.0,267.0,268.0,+1.13%,3.0,276,9657
1068.0,2020-04-07,269.0,269.0,269.0,269.0,+0.37%,1.0,38,9923
1069.0,2020-04-08,269.0,269.0,269.0,269.0,0.00%,0.0,66,9949
1070.0,2020-04-09,269.0,269.0,269.0,269.0,0.00%,0.0,55,9977
1071.0,2020-04-14,272.0,272.0,272.0,272.0,+1.12%,3.0,245,10012
1072.0,2020-04-15,273.0,273.0,273.0,273.0,+0.37%,1.0,95,10162
1073.0,2020-04-16,268.5,270.0,268.0,270.0,-1.10%,-3.0,17,10192
1074.0,2020-04-17,267.5,269.0,265.0,268.0,-0.74%,-2.0,212,10197
1075.0,2020-04-20,270.0,270.0,269.5,269.5,+0.56%,1.5,52,10306
1076.0,2020-04-21,268.5,268.5,261.0,261.0,-3.15%,-8.5,107,10276
1077.0,2020-04-22,260.5,260.5,257.0,257.0,-1.53%,-4.0,49,10367
1078.0,2020-04-23,255.0,255.0,254.0,254.0,-1.17%,-3.0,157,10629
1079.0,2020-04-24,257.5,257.5,255.0,255.0,+0.39%,1.0,40,10755
1080.0,2020-04-27,251.5,259.0,251.5,259.0,+1.57%,4.0,163,10818
1081.0,2020-04-28,259.0,259.0,259.0,259.0,0.00%,0.0,3,10893
1082.0,2020-04-29,261.0,263.0,260.0,260.0,+0.39%,1.0,38,11045
1083.0,2020-04-30,260.0,260.5,257.5,257.5,-0.96%,-2.5,103,0
1084.0,2020-05-01,255.0,255.0,255.0,255.0,-0.97%,-2.5,37,8871
1085.0,2020-05-04,257.5,259.5,257.5,258.5,+1.37%,3.5,491,8890
1086.0,2020-05-05,260.5,261.5,260.5,261.5,+1.16%,3.0,81,9293
1087.0,2020-05-06,262.0,262.0,260.5,260.5,-0.38%,-1.0,63,9342
1088.0,2020-05-07,262.5,264.0,261.5,262.5,+0.77%,2.0,200,9222
1089.0,2020-05-11,265.5,267.5,265.5,267.5,+1.90%,5.0,142,9311
1090.0,2020-05-12,271.5,271.5,267.5,267.5,0.00%,0.0,102,9330
1091.0,2020-05-13,271.0,271.0,268.0,268.0,+0.19%,0.5,69,9379
1092.0,2020-05-14,269.0,269.0,264.5,265.5,-0.93%,-2.5,265,9584
1093.0,2020-05-15,268.0,268.0,268.0,268.0,+0.94%,2.5,28,9703
1094.0,2020-05-18,270.0,271.0,267.5,267.5,-0.19%,-0.5,71,9725
1095.0,2020-05-19,272.5,274.0,272.5,274.0,+2.43%,6.5,133,9741
1096.0,2020-05-20,277.0,277.0,269.5,272.0,-0.73%,-2.0,155,10434
1097.0,2020-05-21,271.0,271.0,269.5,271.0,-0.37%,-1.0,48,10441
1098.0,2020-05-22,268.5,268.5,268.5,268.5,-0.92%,-2.5,70,12992
1099.0,2020-05-26,265.5,267.0,265.0,265.0,-1.30%,-3.5,53,13865
1100.0,2020-05-27,265.5,267.0,265.5,267.0,+0.75%,2.0,132,16418
1101.0,2020-05-28,264.5,266.5,264.5,266.5,-0.19%,-0.5,229,15697
1102.0,2020-05-29,265.5,271.5,265.0,266.0,-0.19%,-0.5,326,13398
1103.0,2020-06-01,271.0,273.0,271.0,271.5,+2.07%,5.5,168,14686
1104.0,2020-06-02,272.0,276.5,269.0,269.0,-0.92%,-2.5,333,14620
1105.0,2020-06-03,265.5,267.0,265.0,267.0,-0.74%,-2.0,58,14638
1106.0,2020-06-04,265.5,265.5,265.5,265.5,-0.56%,-1.5,25,14653
1107.0,2020-06-05,267.0,267.0,263.5,263.5,-0.75%,-2.0,15,14713
1108.0,2020-06-08,267.0,267.5,267.0,267.5,+1.52%,4.0,37,15117
1109.0,2020-06-09,268.0,268.0,268.0,268.0,+0.19%,0.5,49,15036
1110.0,2020-06-10,266.5,266.5,266.5,266.5,-0.56%,-1.5,0,15100
1111.0,2020-06-11,264.5,264.5,264.5,264.5,-0.75%,-2.0,42,15093
1112.0,2020-06-12,263.5,263.5,263.0,263.0,-0.57%,-1.5,62,15063
1113.0,2020-06-15,265.5,266.0,265.0,265.0,+0.76%,2.0,29,15031
1114.0,2020-06-16,268.0,268.0,267.0,267.0,+0.75%,2.0,17,14916
1115.0,2020-06-17,263.0,264.5,263.0,264.5,-0.94%,-2.5,47,14912
1116.0,2020-06-18,260.5,263.0,257.5,261.0,-1.32%,-3.5,97,14905
1117.0,2020-06-19,259.0,260.0,259.0,260.0,-0.38%,-1.0,57,14868
1118.0,2020-06-22,263.0,263.0,260.5,260.5,+0.19%,0.5,18,15061
1119.0,2020-06-23,263.5,263.5,263.5,263.5,+1.15%,3.0,319,15265
1120.0,2020-06-24,267.5,267.5,261.5,263.0,-0.19%,-0.5,145,15407
1121.0,2020-06-25,266.5,266.5,260.0,260.0,-1.14%,-3.0,155,15446
1122.0,2020-06-26,264.0,264.5,264.0,264.5,+1.73%,4.5,43,15464
1123.0,2020-06-29,261.0,265.0,261.0,262.0,-0.95%,-2.5,34,15487
1124.0,2020-06-30,265.0,265.0,264.5,264.5,+0.95%,2.5,34,9743
1125.0,2020-07-01,260.5,263.5,258.5,258.5,-2.27%,-6.0,56,9815
1126.0,2020-07-02,262.5,262.5,260.0,260.0,+0.58%,1.5,10,10028
1127.0,2020-07-03,265.0,265.0,265.0,265.0,+1.92%,5.0,13,10027
1128.0,2020-07-06,265.5,265.5,260.5,262.5,-0.94%,-2.5,13,10021
1129.0,2020-07-07,260.5,262.5,260.0,262.5,0.00%,0.0,70,10017
1130.0,2020-07-08,265.5,265.5,265.5,265.5,+1.14%,3.0,9,10000
1131.0,2020-07-09,259.5,261.5,259.0,259.0,-2.45%,-6.5,126,9994
1132.0,2020-07-10,259.0,262.5,259.0,262.0,+1.16%,3.0,61,9001
1133.0,2020-07-13,260.5,265.0,260.0,261.0,-0.38%,-1.0,57,8919
1134.0,2020-07-14,267.5,267.5,266.5,266.5,+2.11%,5.5,76,8930
1135.0,2020-07-15,267.0,269.0,263.0,263.0,-1.31%,-3.5,119,8892
1136.0,2020-07-16,261.0,262.0,261.0,262.0,-0.38%,-1.0,101,8840
1137.0,2020-07-17,262.0,265.5,262.0,262.5,+0.19%,0.5,10,8798
1138.0,2020-07-20,268.5,272.0,265.5,271.5,+3.43%,9.0,189,8797
1139.0,2020-07-21,267.5,269.0,265.0,265.5,-2.21%,-6.0,72,8699
1140.0,2020-07-22,267.5,270.5,267.5,270.0,+1.69%,4.5,252,8669
1141.0,2020-07-23,272.0,280.5,272.0,280.0,+3.70%,10.0,306,8784
1142.0,2020-07-24,277.0,279.0,277.0,279.0,-0.36%,-1.0,48,8750
1143.0,2020-07-27,279.0,279.0,276.0,277.0,-0.72%,-2.0,119,8772
1144.0,2020-07-28,276.0,278.0,275.0,275.0,-0.72%,-2.0,29,8808
1145.0,2020-07-29,277.0,281.5,277.0,280.0,+1.82%,5.0,93,8793
1146.0,2020-07-30,282.0,283.0,280.5,280.5,+0.18%,0.5,113,9461
1147.0,2020-07-31,282.5,285.0,282.5,285.0,+1.60%,4.5,168,0
1148.0,2020-08-03,283.0,283.0,282.5,283.0,-0.70%,-2.0,119,5779
1149.0,2020-08-04,287.5,287.5,276.5,280.0,-1.06%,-3.0,64,5817
1150.0,2020-08-05,283.0,284.0,282.5,284.0,+1.43%,4.0,118,5975
1151.0,2020-08-06,284.0,286.5,283.0,285.5,+0.53%,1.5,108,6008
1152.0,2020-08-07,284.0,284.0,283.5,283.5,-0.70%,-2.0,35,6043
1153.0,2020-08-10,287.0,287.5,278.0,278.0,-1.94%,-5.5,387,6040
1154.0,2020-08-11,281.5,284.0,281.5,283.5,+1.98%,5.5,57,6529
1155.0,2020-08-12,285.0,285.0,283.5,283.5,0.00%,0.0,58,6230
1156.0,2020-08-13,284.0,284.0,277.0,283.0,-0.18%,-0.5,267,6338
1157.0,2020-08-14,280.0,282.0,280.0,280.0,-1.06%,-3.0,32,6402
1158.0,2020-08-17,280.0,283.5,280.0,283.0,+1.07%,3.0,202,6373
1159.0,2020-08-18,284.5,288.0,284.0,284.0,+0.35%,1.0,338,6505
1160.0,2020-08-19,285.0,289.0,283.0,289.0,+1.76%,5.0,226,6745
1161.0,2020-08-20,288.0,288.0,286.0,287.0,-0.69%,-2.0,47,6855
1162.0,2020-08-21,287.0,287.0,286.5,286.5,-0.17%,-0.5,145,7973
1163.0,2020-08-24,283.5,287.0,283.5,285.5,-0.35%,-1.0,274,8984
1164.0,2020-08-25,286.5,290.5,282.0,289.0,+1.23%,3.5,318,9175
1165.0,2020-08-26,292.5,294.0,292.5,293.5,+1.56%,4.5,73,9493
1166.0,2020-08-27,291.0,294.0,291.0,291.5,-0.68%,-2.0,129,9528
1167.0,2020-08-28,292.0,296.0,291.0,296.0,+1.54%,4.5,216,0
1168.0,2020-09-01,298.0,301.5,295.0,297.0,+0.34%,1.0,323,7005
1169.0,2020-09-02,300.5,305.5,298.5,303.5,+2.19%,6.5,623,7140
1170.0,2020-09-03,310.5,310.5,303.0,309.0,+1.81%,5.5,73,7530
1171.0,2020-09-04,307.5,307.5,299.5,304.0,-1.62%,-5.0,307,8316
1172.0,2020-09-07,305.0,306.0,305.0,305.5,+0.49%,1.5,84,8797
1173.0,2020-09-08,305.0,309.5,304.0,307.0,+0.49%,1.5,139,8205
1174.0,2020-09-09,304.5,304.5,299.0,303.0,-1.30%,-4.0,396,8262
1175.0,2020-09-10,302.5,303.5,298.5,303.5,+0.17%,0.5,268,8469
1176.0,2020-09-11,301.0,301.0,301.0,301.0,-0.82%,-2.5,64,8602
1177.0,2020-09-14,300.0,300.0,294.5,297.5,-1.16%,-3.5,106,8639
1178.0,2020-09-15,297.5,297.5,296.0,296.0,-0.50%,-1.5,106,8913
1179.0,2020-09-16,292.5,296.0,292.5,296.0,0.00%,0.0,76,8916
1180.0,2020-09-17,291.5,291.5,291.5,291.5,-1.52%,-4.5,20,8915
1181.0,2020-09-18,294.5,300.5,294.0,298.5,+2.40%,7.0,88,8915
1182.0,2020-09-21,295.5,295.5,295.0,295.0,-1.17%,-3.5,33,9052
1183.0,2020-09-22,291.0,295.0,291.0,295.0,0.00%,0.0,93,8726
1184.0,2020-09-23,292.5,294.0,290.0,290.0,-1.69%,-5.0,160,8693
1185.0,2020-09-24,294.0,295.5,289.5,289.5,-0.17%,-0.5,62,9292
1186.0,2020-09-25,292.0,295.0,292.0,292.0,+0.86%,2.5,62,11431
1187.0,2020-09-28,292.0,292.0,288.5,288.5,-1.20%,-3.5,136,11429
1188.0,2020-09-29,289.5,290.0,285.0,290.0,+0.52%,1.5,80,11381
1189.0,2020-09-30,292.0,292.0,287.5,292.0,+0.69%,2.0,27,0
1190.0,2020-10-01,295.0,295.0,288.5,292.0,0.00%,0.0,176,7409
1191.0,2020-10-02,286.5,287.5,283.0,286.5,-1.88%,-5.5,265,7378
1192.0,2020-10-05,286.0,289.5,283.5,284.0,-0.87%,-2.5,161,7319
1193.0,2020-10-06,287.0,287.0,286.0,286.0,+0.70%,2.0,45,7384
1194.0,2020-10-07,285.5,286.5,285.5,286.5,+0.17%,0.5,265,7450
1195.0,2020-10-08,285.5,285.5,282.0,283.5,-1.05%,-3.0,190,7540
1196.0,2020-10-09,284.5,287.0,284.5,287.0,+1.23%,3.5,109,7637
1197.0,2020-10-12,283.5,285.0,283.5,285.0,-0.70%,-2.0,65,8659
1198.0,2020-10-13,285.5,285.5,285.5,285.5,+0.18%,0.5,19,8743
1199.0,2020-10-14,286.0,286.0,286.0,286.0,+0.18%,0.5,54,9117
1200.0,2020-10-15,287.0,287.0,287.0,287.0,+0.35%,1.0,48,9419
1201.0,2020-10-16,283.0,285.0,283.0,285.0,-0.70%,-2.0,26,9419
1202.0,2020-10-19,287.0,287.0,287.0,287.0,+0.70%,2.0,18,9974
1203.0,2020-10-20,298.0,299.5,298.0,299.5,+4.36%,12.5,45,10032
1204.0,2020-10-21,303.5,303.5,303.0,303.5,+1.34%,4.0,108,10341
1205.0,2020-10-22,302.5,305.0,302.5,305.0,+0.49%,1.5,41,10714
1206.0,2020-10-23,305.0,305.0,303.0,305.0,0.00%,0.0,41,11220
1207.0,2020-10-26,301.0,303.0,301.0,303.0,-0.66%,-2.0,92,11437
1208.0,2020-10-27,298.0,304.5,298.0,302.0,-0.33%,-1.0,185,11455
1209.0,2020-10-28,304.5,304.5,302.0,302.0,0.00%,0.0,69,11545
1210.0,2020-10-29,303.5,304.0,303.0,303.0,+0.33%,1.0,114,11627
1211.0,2020-10-30,304.5,306.5,304.0,304.0,+0.33%,1.0,188,0
1212.0,2020-11-02,306.0,307.5,302.0,303.0,-0.33%,-1.0,95,9897
1213.0,2020-11-03,305.0,306.0,305.0,305.0,+0.66%,2.0,88,9956
1214.0,2020-11-04,311.0,311.0,311.0,311.0,+1.97%,6.0,66,9976
1215.0,2020-11-05,310.0,310.0,307.0,309.0,-0.64%,-2.0,137,9997
1216.0,2020-11-06,314.0,322.0,314.0,322.0,+4.21%,13.0,194,10013
1217.0,2020-11-09,324.0,325.5,318.0,318.0,-1.24%,-4.0,228,10105
1218.0,2020-11-10,316.0,317.0,316.0,316.5,-0.47%,-1.5,93,10146
1219.0,2020-11-11,321.5,324.5,321.0,324.5,+2.53%,8.0,237,10129
1220.0,2020-11-12,326.0,326.0,326.0,326.0,+0.46%,1.5,84,11168
1221.0,2020-11-13,331.0,331.0,328.0,329.5,+1.07%,3.5,110,10806
1222.0,2020-11-16,330.0,345.5,330.0,338.5,+2.73%,9.0,425,10779
1223.0,2020-11-17,341.0,356.5,341.0,350.0,+3.40%,11.5,144,10717
1224.0,2020-11-18,350.0,354.0,346.0,351.0,+0.29%,1.0,290,10685
1225.0,2020-11-19,361.5,364.0,348.5,353.5,+0.71%,2.5,98,10791
1226.0,2020-11-20,353.5,361.0,352.0,357.5,+1.13%,4.0,127,10794
1227.0,2020-11-23,362.0,362.5,362.0,362.5,+1.40%,5.0,77,10927
1228.0,2020-11-24,363.0,369.0,363.0,366.0,+0.97%,3.5,176,10907
1229.0,2020-11-25,371.5,383.0,371.5,381.0,+4.10%,15.0,315,10984
1230.0,2020-11-26,384.0,386.0,381.0,382.0,+0.26%,1.0,373,11285
1231.0,2020-11-27,382.5,385.0,378.5,385.0,+0.79%,3.0,110,11297
1232.0,2020-11-30,384.0,384.0,370.0,371.5,-3.51%,-13.5,224,0
1233.0,2020-12-01,367.0,380.5,361.0,379.0,+2.02%,7.5,250,10341
1234.0,2020-12-02,382.0,385.0,379.0,379.0,0.00%,0.0,102,10204
1235.0,2020-12-03,384.0,384.0,384.0,384.0,+1.32%,5.0,45,10324
1236.0,2020-12-04,386.0,390.0,384.0,390.0,+1.56%,6.0,86,10308
1237.0,2020-12-07,394.0,407.5,393.0,407.0,+4.36%,17.0,187,10325
1238.0,2020-12-08,414.5,414.5,405.0,405.0,-0.49%,-2.0,303,10968
1239.0,2020-12-09,412.5,430.0,408.0,418.0,+3.21%,13.0,149,10825
1240.0,2020-12-10,436.0,450.0,436.0,448.0,+7.18%,30.0,69,10866
1241.0,2020-12-11,454.0,472.5,442.0,451.0,+0.67%,3.0,93,10908
1242.0,2020-12-14,459.0,459.0,435.0,437.0,-3.10%,-14.0,216,10900
1243.0,2020-12-15,442.0,442.0,434.5,434.5,-0.57%,-2.5,84,10790
1244.0,2020-12-16,440.0,447.5,440.0,444.0,+2.19%,9.5,97,11968
1245.0,2020-12-17,444.5,458.0,444.5,456.0,+2.70%,12.0,18,12065
1246.0,2020-12-18,463.0,471.5,454.0,455.0,-0.22%,-1.0,215,11999
1247.0,2020-12-21,466.0,479.0,455.5,457.0,+0.44%,2.0,43,12011
1248.0,2020-12-22,465.0,468.0,451.0,453.5,-0.77%,-3.5,171,11974
1249.0,2020-12-23,457.0,457.0,450.0,455.0,+0.33%,1.5,69,12048
1250.0,2020-12-24,460.5,461.0,460.5,461.0,+1.32%,6.0,53,12048
1251.0,2020-12-29,456.5,456.5,451.5,451.5,-2.06%,-9.5,79,12048
1252.0,2020-12-30,458.5,464.5,457.5,464.5,+2.88%,13.0,68,12067
1253.0,2020-12-31,463.0,464.0,463.0,464.0,-0.11%,-0.5,42,7909
1254.0,2021-01-04,382.0,403.0,382.0,401.0,-13.58%,-63.0,243,8031
1255.0,2021-01-05,401.0,411.0,401.0,404.0,+0.75%,3.0,146,8098
1256.0,2021-01-06,414.0,419.0,414.0,415.5,+2.85%,11.5,140,8150
1257.0,2021-01-07,411.0,411.0,411.0,411.0,-1.08%,-4.5,135,8517
1258.0,2021-01-08,418.5,434.0,418.5,428.0,+4.14%,17.0,243,8432
1259.0,2021-01-11,408.0,411.5,408.0,408.0,-4.67%,-20.0,235,8464
1260.0,2021-01-12,413.0,416.5,398.0,398.0,-2.45%,-10.0,208,8282
1261.0,2021-01-13,392.5,399.5,392.5,392.5,-1.38%,-5.5,141,8284
1262.0,2021-01-14,403.0,413.0,402.0,413.0,+5.22%,20.5,238,8333
1263.0,2021-01-15,407.0,407.0,397.0,404.0,-2.18%,-9.0,305,8500
1264.0,2021-01-18,412.0,416.5,408.5,413.0,+2.23%,9.0,146,8579
1265.0,2021-01-19,402.0,402.0,402.0,402.0,-2.66%,-11.0,164,8586
1266.0,2021-01-20,405.5,407.0,405.5,407.0,+1.24%,5.0,144,8946
1267.0,2021-01-21,417.0,417.0,417.0,417.0,+2.46%,10.0,88,8981
1268.0,2021-01-22,418.0,419.0,414.5,414.5,-0.60%,-2.5,174,9394
1269.0,2021-01-25,416.5,423.0,416.5,423.0,+2.05%,8.5,158,9351
1270.0,2021-01-26,416.0,416.0,411.0,411.0,-2.84%,-12.0,50,10057
1271.0,2021-01-27,408.0,412.0,407.0,412.0,+0.24%,1.0,130,10059
1272.0,2021-01-28,412.5,423.5,412.5,423.5,+2.79%,11.5,231,10301
1273.0,2021-01-29,406.0,407.0,406.0,407.0,-3.90%,-16.5,96,8300
1274.0,2021-02-01,407.0,407.0,399.0,399.0,-1.97%,-8.0,98,8207
1275.0,2021-02-02,401.0,401.0,395.0,400.5,+0.38%,1.5,241,8275
1276.0,2021-02-03,401.5,401.5,401.5,401.5,+0.25%,1.0,71,8246
1277.0,2021-02-04,409.0,416.0,409.0,416.0,+3.61%,14.5,115,8206
1278.0,2021-02-05,423.0,423.0,420.5,420.5,+1.08%,4.5,164,7239
1279.0,2021-02-08,421.0,427.0,421.0,427.0,+1.55%,6.5,120,7234
1280.0,2021-02-09,421.5,436.0,421.5,436.0,+2.11%,9.0,157,7257
1281.0,2021-02-10,437.0,437.0,437.0,437.0,+0.23%,1.0,38,7498
1282.0,2021-02-11,440.0,444.0,440.0,444.0,+1.60%,7.0,35,7518
1283.0,2021-02-12,447.5,447.5,447.5,447.5,+0.79%,3.5,29,7999
1284.0,2021-02-15,449.0,449.0,449.0,449.0,+0.34%,1.5,62,8804
1285.0,2021-02-16,462.5,462.5,462.5,462.5,+3.01%,13.5,54,8809
1286.0,2021-02-17,455.0,455.0,455.0,455.0,-1.62%,-7.5,33,8819
1287.0,2021-02-18,454.0,454.0,454.0,454.0,-0.22%,-1.0,46,9791
1288.0,2021-02-19,455.0,455.0,455.0,455.0,+0.22%,1.0,61,9820
1289.0,2021-02-22,452.5,452.5,452.5,452.5,-0.55%,-2.5,64,9822
1290.0,2021-02-23,461.0,461.0,461.0,461.0,+1.88%,8.5,95,9816
1291.0,2021-02-24,460.0,465.0,459.0,465.0,+0.87%,4.0,95,8914
1292.0,2021-02-25,470.0,477.0,467.0,477.0,+2.58%,12.0,62,8933
1293.0,2021-02-26,470.0,478.5,470.0,478.0,+0.21%,1.0,118,6785
1294.0,2021-03-01,478.0,478.0,478.0,478.0,0.00%,0.0,40,7227
1295.0,2021-03-02,478.0,480.0,478.0,479.0,+0.21%,1.0,52,7232
1296.0,2021-03-03,478.5,481.0,478.5,480.0,+0.21%,1.0,52,7284
1297.0,2021-03-04,474.0,474.0,474.0,474.0,-1.25%,-6.0,58,7263
1298.0,2021-03-05,470.0,470.0,470.0,470.0,-0.84%,-4.0,32,7252
1299.0,2021-03-08,472.0,473.0,471.0,471.0,+0.21%,1.0,98,7776
1300.0,2021-03-09,474.0,474.0,470.0,470.0,-0.21%,-1.0,135,7830
1301.0,2021-03-10,453.0,453.0,453.0,453.0,-3.62%,-17.0,39,9167
1302.0,2021-03-11,450.5,458.0,450.5,458.0,+1.10%,5.0,122,9168
1303.0,2021-03-12,453.0,465.0,453.0,460.5,+0.55%,2.5,143,9129
1304.0,2021-03-15,460.0,460.0,460.0,460.0,-0.11%,-0.5,135,9129
1305.0,2021-03-16,464.0,464.0,458.0,458.0,-0.43%,-2.0,139,9129
1306.0,2021-03-17,451.5,459.5,451.5,459.5,+0.33%,1.5,81,0
1307.0,2021-03-18,458.5,462.5,458.5,462.5,+0.65%,3.0,79,0
1308.0,2021-03-19,457.5,457.5,457.5,457.5,-1.08%,-5.0,13,0
1309.0,2021-03-22,446.5,452.5,446.5,447.5,-2.19%,-10.0,29,9129
1310.0,2021-03-23,447.0,454.0,447.0,452.0,+1.01%,4.5,32,9129
1311.0,2021-03-24,450.0,454.0,450.0,450.0,-0.44%,-2.0,17,9129
1312.0,2021-03-25,451.0,465.0,451.0,456.0,+1.33%,6.0,83,0
1313.0,2021-03-26,456.5,466.5,456.5,458.0,+0.44%,2.0,154,0
1314.0,2021-03-29,462.0,469.5,462.0,469.5,+2.51%,11.5,50,9129
1315.0,2021-03-30,473.0,473.0,469.0,469.0,-0.11%,-0.5,46,9129
1316.0,2021-03-31,480.5,480.5,470.5,479.0,+2.13%,10.0,63,0
1317.0,2021-04-01,480.0,485.0,475.0,475.0,-0.84%,-4.0,24,0
1318.0,2021-04-06,489.5,495.5,479.5,479.5,+0.95%,4.5,67,7897
1319.0,2021-04-07,479.0,480.0,473.5,473.5,-1.25%,-6.0,41,0
1320.0,2021-04-08,480.0,480.0,467.0,467.0,-1.37%,-6.5,45,0
1321.0,2021-04-09,465.0,480.0,465.0,468.0,+0.21%,1.0,88,8103
1322.0,2021-04-12,466.5,472.5,465.5,466.5,-0.32%,-1.5,46,8134
1323.0,2021-04-13,471.5,476.0,471.5,474.0,+1.61%,7.5,32,8000
1324.0,2021-04-14,475.0,479.0,470.0,470.0,-0.84%,-4.0,60,8255
1325.0,2021-04-15,467.0,474.0,467.0,471.0,+0.21%,1.0,30,8765
1326.0,2021-04-16,472.0,472.0,472.0,472.0,+0.21%,1.0,13,8957
1327.0,2021-04-19,467.0,467.0,467.0,467.0,-1.06%,-5.0,22,9007
1328.0,2021-04-20,470.0,470.0,470.0,470.0,+0.64%,3.0,50,9012
1329.0,2021-04-21,470.0,470.0,464.5,465.0,-1.06%,-5.0,27,9180
1330.0,2021-04-22,467.5,467.5,467.5,467.5,+0.54%,2.5,24,9408
1331.0,2021-04-23,455.0,463.0,455.0,463.0,-0.96%,-4.5,22,9555
1332.0,2021-04-26,473.0,473.5,473.0,473.5,+2.27%,10.5,59,9982
1333.0,2021-04-27,480.0,480.0,477.0,479.0,+1.16%,5.5,194,10011
1334.0,2021-04-28,475.0,476.0,475.0,476.0,-0.63%,-3.0,49,14958
1335.0,2021-04-29,481.5,481.5,481.5,481.5,+1.16%,5.5,32,10363
1336.0,2021-04-30,481.0,481.0,481.0,481.0,-0.10%,-0.5,209,0
1337.0,2021-05-04,486.0,490.0,486.0,490.0,+1.87%,9.0,79,8612
1338.0,2021-05-05,486.5,502.0,486.5,502.0,+2.45%,12.0,143,9093
1339.0,2021-05-06,502.0,502.0,502.0,502.0,0.00%,0.0,42,8972
1340.0,2021-05-07,542.5,542.5,542.5,542.5,+8.07%,40.5,30,9024
1341.0,2021-05-10,542.5,542.5,542.5,542.5,0.00%,0.0,9,8632
1342.0,2021-05-11,555.0,555.0,555.0,555.0,+2.30%,12.5,28,8637
1343.0,2021-05-12,556.5,556.5,556.5,556.5,+0.27%,1.5,123,8753
1344.0,2021-05-13,540.0,540.0,540.0,540.0,-2.96%,-16.5,59,8937
1345.0,2021-05-14,520.0,520.0,520.0,520.0,-3.70%,-20.0,126,8876
1346.0,2021-05-17,512.5,512.5,512.5,512.5,-1.44%,-7.5,69,8846
1347.0,2021-05-18,515.0,515.0,515.0,515.0,+0.49%,2.5,96,8725
1348.0,2021-05-19,512.0,515.0,512.0,515.0,0.00%,0.0,119,9435
1349.0,2021-05-20,512.0,520.5,512.0,515.5,+0.10%,0.5,85,9824
1350.0,2021-05-21,522.0,522.0,522.0,522.0,+1.26%,6.5,37,9793
1351.0,2021-05-24,524.0,524.0,511.5,524.0,+0.38%,2.0,46,9994
1352.0,2021-05-25,515.0,515.0,515.0,515.0,-1.72%,-9.0,37,9991
1353.0,2021-05-26,503.5,503.5,503.5,503.5,-2.23%,-11.5,32,11013
1354.0,2021-05-27,510.0,510.0,510.0,510.0,+1.29%,6.5,47,11164
1355.0,2021-05-28,507.5,507.5,507.0,507.0,-0.59%,-3.0,73,8766
1356.0,2021-06-01,507.0,507.0,507.0,507.0,0.00%,0.0,50,8814
1357.0,2021-06-02,510.0,510.0,510.0,510.0,+0.59%,3.0,68,8801
1358.0,2021-06-03,514.0,518.0,514.0,514.0,+0.78%,4.0,71,8846
1359.0,2021-06-04,512.0,512.0,512.0,512.0,-0.39%,-2.0,45,8423
1360.0,2021-06-07,505.0,508.0,505.0,508.0,-0.78%,-4.0,31,8320
1361.0,2021-06-08,505.0,512.0,505.0,512.0,+0.79%,4.0,18,8271
1362.0,2021-06-09,508.0,508.0,508.0,508.0,-0.78%,-4.0,18,8443
1363.0,2021-06-10,511.0,517.0,511.0,517.0,+1.77%,9.0,65,8251
1364.0,2021-06-11,525.0,525.0,517.0,517.0,0.00%,0.0,45,8237
1365.0,2021-06-14,510.0,510.0,510.0,510.0,-1.35%,-7.0,7,8198
1366.0,2021-06-15,510.0,510.0,510.0,510.0,0.00%,0.0,13,8240
1367.0,2021-06-16,500.0,503.5,500.0,503.5,-1.27%,-6.5,11,8235
1368.0,2021-06-17,510.0,510.0,510.0,510.0,+1.29%,6.5,8,8235
1369.0,2021-06-18,510.0,511.0,510.0,511.0,+0.20%,1.0,9,8286
1370.0,2021-06-21,510.0,510.0,490.0,500.0,-2.15%,-11.0,27,8286
1371.0,2021-06-22,500.0,500.5,495.0,500.5,+0.10%,0.5,25,8401
1372.0,2021-06-23,490.5,490.5,490.0,490.0,-2.10%,-10.5,19,8489
1373.0,2021-06-24,492.0,495.0,490.0,495.0,+1.02%,5.0,43,8481
1374.0,2021-06-25,505.0,505.0,505.0,505.0,+2.02%,10.0,46,8474
1375.0,2021-06-28,505.0,505.0,505.0,505.0,0.00%,0.0,26,8229
1376.0,2021-06-29,500.0,500.0,500.0,500.0,-0.99%,-5.0,16,8223
1377.0,2021-06-30,500.0,503.0,500.0,503.0,+0.60%,3.0,24,6257
1378.0,2021-07-01,508.0,508.0,508.0,508.0,+0.99%,5.0,35,6320
1379.0,2021-07-02,505.0,505.0,504.5,504.5,-0.69%,-3.5,22,6321
1380.0,2021-07-05,508.5,515.0,505.5,513.0,+1.68%,8.5,61,6344
1381.0,2021-07-06,512.0,521.5,512.0,521.5,+1.66%,8.5,27,6334
1382.0,2021-07-07,525.0,525.0,523.0,523.0,+0.29%,1.5,14,6307
1383.0,2021-07-08,529.5,530.0,519.0,519.0,-0.76%,-4.0,45,6707
1384.0,2021-07-09,520.0,520.0,508.0,509.0,-1.93%,-10.0,85,6868
1385.0,2021-07-12,507.0,515.0,506.0,515.0,+1.18%,6.0,47,7993
1386.0,2021-07-13,502.0,502.0,500.0,502.0,-2.52%,-13.0,60,7943
1387.0,2021-07-14,501.0,501.0,496.0,496.0,-1.20%,-6.0,19,7978
1388.0,2021-07-15,495.0,497.0,495.0,497.0,+0.20%,1.0,15,8976
1389.0,2021-07-16,498.5,498.5,489.0,490.0,-1.41%,-7.0,61,8954
1390.0,2021-07-19,490.0,495.5,490.0,493.5,+0.71%,3.5,116,9456
1391.0,2021-07-20,491.0,496.0,491.0,496.0,+0.51%,2.5,45,9989
1392.0,2021-07-21,492.0,497.5,492.0,497.0,+0.20%,1.0,46,9974
1393.0,2021-07-22,499.0,500.0,499.0,499.0,+0.40%,2.0,20,9991
1394.0,2021-07-23,491.5,500.0,485.0,494.5,-0.90%,-4.5,56,10059
1395.0,2021-07-26,491.0,491.0,491.0,491.0,-0.71%,-3.5,1,10123
1396.0,2021-07-27,495.5,496.0,493.5,494.0,+0.61%,3.0,52,10303
1397.0,2021-07-28,490.0,490.0,487.5,489.0,-1.01%,-5.0,88,10291
1398.0,2021-07-29,489.5,489.5,489.5,489.5,+0.10%,0.5,64,10843
1399.0,2021-07-30,485.0,487.5,481.0,487.5,-0.41%,-2.0,78,7609
1400.0,2021-08-02,502.5,502.5,486.5,488.0,+0.10%,0.5,100,0
1401.0,2021-08-03,475.0,475.0,475.0,475.0,-2.66%,-13.0,14,7222
1402.0,2021-08-04,481.0,481.0,481.0,481.0,+1.26%,6.0,11,7174
1403.0,2021-08-05,479.0,479.0,479.0,479.0,-0.42%,-2.0,16,7184
1404.0,2021-08-06,476.5,476.5,476.5,476.5,-0.52%,-2.5,18,7253
1405.0,2021-08-09,470.0,470.0,470.0,470.0,-1.36%,-6.5,0,7253
1406.0,2021-08-10,470.00,470.00,470.00,470.00,0.00%,0.00,7,7253
1407.0,2021-08-11,473.5,473.5,470.0,470.0,0.00%,0.0,11,7154
1408.0,2021-08-12,474.00,474.00,474.00,474.00,+0.85%,+4.00,1,7144
1409.0,2021-08-13,474.50,474.50,474.50,474.50,+0.11%,+0.50,2,7143
1410.0,2021-08-16,470.50,470.50,470.50,470.50,-0.84%,-4.00,31,7141
1411.0,2021-08-17,476.50,476.50,472.00,472.50,+0.43%,+2.00,9,7108
1412.0,2021-08-18,476.00,476.00,466.00,466.00,-1.38%,-6.50,2,7138
1413.0,2021-08-19,457.50,457.50,457.50,457.50,-1.82%,-8.50,0,7049
1414.0,2021-08-20,460.00,460.00,459.50,459.50,+0.44%,+2.00,3,7078
1415.0,2021-08-23,457.50,457.50,457.50,457.50,-0.44%,-2.00,0,7148
1416.0,2021-08-24,457.50,457.50,457.50,457.50,0.00%,0.00,5,7148
1417.0,2021-08-25,457.50,457.50,457.50,457.50,0.00%,0.00,0,7098
1418.0,2021-08-26,463.5,463.5,463.5,463.5,+1.31%,6.0,0,7098
1419.0,2021-08-27,456.0,456.0,446.5,452.5,-2.37%,-11.0,52,7148
1420.0,2021-08-31,455.00,455.00,455.00,455.00,+0.55%,+2.50,10,0
1421.0,2021-09-01,451.50,451.50,451.50,451.50,-0.77%,-3.50,2,6355
1422.0,2021-09-02,446.50,447.50,446.50,447.50,-0.89%,-4.00,39,6355
1423.0,2021-09-03,450.50,450.50,450.50,450.50,+0.67%,+3.00,27,6309
1424.0,2021-09-06,445.00,445.00,445.00,445.00,-1.22%,-5.50,27,6575
1425.0,2021-09-07,450.0,450.0,450.0,450.0,+1.12%,5.0,9,6594
1426.0,2021-09-08,443.0,443.0,440.0,443.0,-1.56%,-7.0,128,6667
1427.0,2021-09-09,443.0,446.0,443.0,446.0,+0.68%,3.0,49,6690
1428.0,2021-09-10,455.50,455.50,455.00,455.00,+2.02%,+9.00,63,7010
1429.0,2021-09-13,446.0,447.0,445.0,446.5,-1.87%,-8.5,66,7122
1430.0,2021-09-14,444.5,444.5,444.5,444.5,-0.45%,-2.0,3,7178
1431.0,2021-09-15,444.50,444.50,444.50,444.50,0.00%,0.00,0,7177
1432.0,2021-09-16,441.0,442.0,441.0,442.0,-0.56%,-2.5,30,7219
1433.0,2021-09-17,444.5,444.5,444.5,444.5,+0.57%,2.5,56,7435
1434.0,2021-09-20,441.0,441.0,440.5,440.5,-0.90%,-4.0,60,7435
1435.0,2021-09-21,443.5,444.0,443.5,444.0,+0.79%,3.5,8,7521
1436.0,2021-09-22,444.0,444.0,443.5,443.5,-0.11%,-0.5,17,8058
1437.0,2021-09-23,442.5,442.5,442.5,442.5,-0.23%,-1.0,52,8148
1438.0,2021-09-24,443.0,443.0,442.0,442.0,-0.11%,-0.5,48,8048
1439.0,2021-09-27,444.50,444.50,440.50,440.50,-0.34%,-1.50,13,7917
1440.0,2021-09-28,438.5,440.0,438.0,440.0,-0.11%,-0.5,55,7919
1441.0,2021-09-29,440.00,440.00,440.00,440.00,0.00%,0.00,0,7906
1442.0,2021-09-30,449.5,449.5,445.0,445.0,+1.14%,5.0,74,0
1443.0,2021-10-01,450.00,450.00,450.00,450.00,+1.12%,+5.00,96,6693
1444.0,2021-10-04,465.00,468.00,465.00,467.50,+3.89%,+17.50,40,6496
1445.0,2021-10-05,473.0,479.0,473.0,475.0,+1.60%,7.5,31,6699
1446.0,2021-10-06,472.50,472.50,472.50,472.50,-0.53%,-2.50,13,5708
1447.0,2021-10-07,480.0,482.5,479.0,480.0,+1.59%,7.5,44,5708
1448.0,2021-10-08,483.0,483.0,483.0,483.0,+0.62%,3.0,44,5775
1449.0,2021-10-11,482.0,482.0,482.0,482.0,-0.21%,-1.0,0,5825
1450.0,2021-10-12,480.0,480.0,480.0,480.0,-0.41%,-2.0,8,5825
1451.0,2021-10-13,485.00,485.00,484.00,484.00,+0.83%,+4.00,29,5830
1452.0,2021-10-14,492.50,500.00,492.50,495.00,+2.27%,+11.00,87,5995
1453.0,2021-10-15,499.5,499.5,499.5,499.5,+0.91%,4.5,101,6214
1454.0,2021-10-18,500.0,500.0,500.0,500.0,+0.10%,0.5,0,6652
1455.0,2021-10-19,500.0,500.0,500.0,500.0,0.00%,0.0,2,6117
1456.0,2021-10-20,505.0,505.0,497.0,497.0,-0.60%,-3.0,50,6353
1457.0,2021-10-21,497.5,497.5,497.5,497.5,+0.10%,0.5,20,6247
1458.0,2021-10-22,501.00,501.00,501.00,501.00,+0.70%,+3.50,86,6060
1459.0,2021-10-25,495.0,495.0,493.5,495.0,-1.20%,-6.0,13,6060
1460.0,2021-10-26,487.5,487.5,487.5,487.5,-1.52%,-7.5,24,6001
1461.0,2021-10-27,484.00,484.00,484.00,484.00,-0.72%,-3.50,98,5974
1462.0,2021-10-28,490.00,490.00,490.00,490.00,+1.24%,+6.00,93,6033
1463.0,2021-10-29,484.50,484.50,484.50,484.50,-1.12%,-5.50,104,4242
1464.0,2021-11-01,480.0,480.0,470.0,470.0,-2.99%,-14.5,59,4285
1465.0,2021-11-02,467.00,467.00,467.00,467.00,-0.64%,-3.00,2,4368
1466.0,2021-11-03,473.0,474.5,468.5,471.0,+0.86%,4.0,48,4427
1467.0,2021-11-04,474.0,477.0,474.0,477.0,+1.27%,6.0,156,4322
1468.0,2021-11-05,483.00,485.00,483.00,483.50,+1.36%,+6.50,107,4248
1469.0,2021-11-08,483.50,483.50,478.00,479.50,-0.83%,-4.00,124,4250
1470.0,2021-11-09,479.50,480.00,475.00,475.00,-0.94%,-4.50,169,4350
1471.0,2021-11-10,473.00,473.00,473.00,473.00,-0.42%,-2.00,47,4412
1472.0,2021-11-11,484.5,484.5,475.5,476.0,+0.63%,3.0,29,4609
1473.0,2021-11-12,487.0,487.0,478.0,478.0,+0.42%,2.0,63,5107
1474.0,2021-11-15,460.00,470.00,455.00,455.00,-4.81%,-23.00,63,5023
1475.0,2021-11-16,447.50,447.50,440.50,441.00,-3.08%,-14.00,120,4944
1476.0,2021-11-17,447.00,447.00,445.00,445.00,+0.91%,+4.00,46,4947
1477.0,2021-11-18,450.50,451.50,445.00,445.00,0.00%,0.00,84,5094
1478.0,2021-11-19,450.00,460.00,450.00,460.00,+3.37%,+15.00,104,5354
1479.0,2021-11-22,456.0,456.0,455.5,455.5,-0.98%,-4.5,19,0
1480.0,2021-11-23,462.5,462.5,462.5,462.5,+1.54%,7.0,35,5290
1481.0,2021-11-24,470.00,470.00,470.00,470.00,+1.62%,+7.50,33,5235
1482.0,2021-11-25,463.5,470.5,463.5,470.5,+0.11%,0.5,22,5347
1483.0,2021-11-26,464.50,464.50,461.00,464.50,-1.28%,-6.00,83,5389
1484.0,2021-11-29,468.5,468.5,441.5,450.0,-3.12%,-14.5,143,0
1485.0,2021-11-30,442.00,448.00,442.00,448.00,-0.44%,-2.00,121,0
